Measurement date,km [10^5] SW,Wheelset,Axle No,Wheel No,Height (sH)  (Left),Thickness (sD)  (Left),Gradient (qR)  (Left),Angle (A)  (Left),Wear (Wt)  (Left),Wear (Wf)  (Left),Wear (Wr)  (Left),Hollow (Hl)  (Left),DELTA At [mm],ao [mm] LCC_VG,Tes [mm/10^5 km],Trt [mm/10^5 km],Tdt [mm/10^5 km]
2019-05-06,2.27115,1,1,R,29.9,32.67,0.04,0,2,1.41,2.51,0.28,5.78,27.91,0.880611144,2.544966207,3.425577351
2019-05-06,2.27115,2,2,R,30.02,33.24,0.05,0,2.12,0.84,3.18,0.54,5.91,27.91,0.933447813,2.602205931,3.535653744
2019-05-06,2.27115,3,3,R,30.59,33.6,0.25,0,2.69,0.48,1.5,0.24,1.55,27.91,1.184421989,0.682473637,1.866895626
2019-05-06,2.27115,4,4,R,30.35,32.9,0.08,0,2.44,1.18,2.92,0.47,5.05,27.91,1.074345596,2.223543139,3.297888735
2019-05-06,2.27115,4,4,L,30.03,30.85,0.09,0,2.13,3.22,4.04,0.13,9.55,27.91,0.937850869,4.204918213,5.142769082
2019-05-06,2.27115,3,3,L,30.34,32.49,0.12,0,2.44,1.59,3.18,0.49,6.2,27.91,1.074345596,2.729894547,3.804240143
2019-05-06,2.27115,2,2,L,30,33.34,0.06,0,2.1,0.74,1.95,0.26,3.42,27.91,0.924641701,1.505845056,2.430486758
2019-05-06,2.27115,1,1,L,29.95,32.43,0.05,0,2.04,1.65,3.49,0.48,8.02,27.91,0.898223367,3.531250688,4.429474055
2019-05-06,3.12629,1,1,R,31.07,33.01,0.22,0,3.17,1.07,2.98,0.28,4.42,27.91,1.013981428,1.413816377,2.427797805
2019-05-06,3.12629,2,2,R,32.5,30.98,0.76,0,4.6,3.1,5.55,0.29,9.69,27.91,1.471392609,3.099520518,4.570913127
2019-05-06,3.12629,3,3,R,31.25,32.09,0.39,0,3.35,1.99,3.42,0.23,6.08,27.91,1.071557661,1.944797188,3.016354849
2019-05-06,3.12629,4,4,R,32.81,32.03,0.76,0,4.91,2.05,4.62,0.48,7.28,27.91,1.570551676,2.328638738,3.899190414
2019-05-06,3.12629,4,4,L,31.33,33.61,0.29,0,3.42,0.47,2.23,0.41,2.55,27.91,1.093948418,0.815663294,1.909611712
2019-05-06,3.12629,3,3,L,30.6,33.74,0.21,0,2.69,0.34,1.48,0.25,1.41,27.91,0.860444808,0.451013821,1.31145863
2019-05-06,3.12629,2,2,L,31.37,32.71,0.33,0,3.47,1.37,2.74,0.45,4.91,27.91,1.109941816,1.570551676,2.680493492
2019-05-06,3.12629,1,1,L,30.63,33.06,0.23,0,2.73,1.02,2.54,0.36,4.53,27.91,0.873239527,1.449001852,2.322241379
2019-05-07,1.70347,1,1,R,29.06,32.39,-0.12,0,1.15,1.69,2.23,0.54,6.23,27.91,0.675092605,3.657240808,4.332333414
2019-05-07,1.70347,2,2,R,29.43,32.62,-0.03,0,1.52,1.46,2.34,0.45,5.33,27.91,0.892296313,3.128907465,4.021203778
2019-05-07,1.70347,3,3,R,29.47,32.6,-0.02,0,1.56,1.48,2.36,0.52,5.53,27.91,0.915777795,3.246314875,4.16209267
2019-05-07,1.70347,4,4,R,29.33,32.45,-0.04,0,1.42,1.62,2.37,0.38,6.1,27.91,0.833592608,3.580925992,4.4145186
2019-05-07,1.70347,4,4,L,29.67,32.83,0.03,0,1.76,1.25,2.24,0.46,4.54,27.91,1.033185204,2.665148198,3.698333402
2019-05-07,1.70347,3,3,L,29.36,32.87,-0.05,0,1.45,1.21,1.99,0.5,4.91,27.91,0.851203719,2.882351905,3.733555625
2019-05-07,1.70347,2,2,L,29.18,31.81,-0.11,0,1.27,2.26,2.71,0.61,7.5,27.91,0.745537051,4.402777859,5.14831491
2019-05-07,1.70347,1,1,L,29.21,32.41,-0.11,0,1.31,1.67,2.17,0.43,5.72,27.91,0.769018533,3.357851914,4.126870447
2019-05-07,0.87849,1,1,R,28.42,31.35,-0.27,0,0.52,2.73,2.78,0.61,8.63,27.91,0.59192478,9.823674715,10.41559949
2019-05-07,0.87849,2,2,R,28.49,32.29,-0.23,0,0.58,1.79,2.2,0.82,6.59,27.91,0.660223793,7.50150827,8.161732063
2019-05-07,0.87849,3,3,R,28.74,32.13,-0.18,0,0.84,1.95,2.49,0.66,7.07,27.91,0.956186183,8.047900375,9.004086558
2019-05-07,0.87849,4,4,R,28.45,29.33,-0.27,0,0.55,4.75,4.32,0.57,11.98,27.91,0.626074287,13.63703628,14.26311056
2019-05-07,0.87849,4,4,L,28.75,30.36,-0.24,0,0.84,3.72,3.6,0.67,10.26,27.91,0.956186183,11.67913124,12.63531742
2019-05-07,0.87849,3,3,L,28.78,32.21,-0.22,0,0.88,1.87,2.38,0.75,6.44,27.91,1.001718858,7.330760737,8.332479596
2019-05-07,0.87849,2,2,L,28.56,32.41,-0.26,0,0.66,1.66,1.98,0.7,5.89,27.91,0.751289144,6.704686451,7.455975594
2019-05-07,0.87849,1,1,L,28.36,31.41,-0.23,0,0.46,2.67,2.65,0.72,8.56,27.91,0.523625767,9.743992533,10.2676183
2019-05-07,3.54065,1,1,R,33.63,27.39,1.04,0,5.73,6.68,9.08,0.36,14.34,27.91,1.618346914,4.050103795,5.668450708
2019-05-07,3.54065,2,2,R,30.55,30.14,0.26,0,2.65,3.93,4.45,0.58,9.99,27.91,0.748450143,2.821515823,3.569965967
2019-05-07,3.54065,3,3,R,33.63,26.37,0.97,0,5.73,7.71,10.12,0.82,15.73,27.91,1.618346914,4.442687077,6.061033991
2019-05-07,3.54065,4,4,R,30.83,29.77,0.36,0,2.92,4.3,4.57,0.22,10.2,27.91,0.824707328,2.880826967,3.705534295
2019-05-07,3.54065,4,4,L,31.41,31.55,0.54,0,3.51,2.53,3.83,0.22,7.48,27.91,0.991343397,2.112606442,3.10394984
2019-05-07,3.54065,3,3,L,30.57,32.84,0.15,0,2.67,1.23,2.63,0.79,5.53,27.91,0.754098824,1.56186011,2.315958934
2019-05-07,3.54065,2,2,L,31.89,30.75,0.61,0,3.98,3.33,5.55,0.31,10.3,27.91,1.124087385,2.909070368,4.033157754
2019-05-07,3.54065,1,1,L,30.91,33.22,0.36,0,3.01,0.85,2.04,0.45,2.8,27.91,0.850126389,0.790815246,1.640941635
2019-05-08,0.20395,2,2,R,28.43,33.45,-0.29,0,0.53,0.63,1.22,1.13,2.47,27.91,2.598676146,12.11081147,14.70948762
2019-05-09,2.45633,1,1,R,30.63,32.92,0.32,0,2.72,1.16,2.33,0.53,3.91,27.91,1.107343069,1.591805661,2.69914873
2019-05-09,2.45633,2,2,R,30.48,33.28,0.23,0,2.58,0.8,2.09,0.59,2.91,27.91,1.05034747,1.184694239,2.235041709
2019-05-09,2.45633,3,3,R,30.53,32.92,0.26,0,2.63,1.16,2.28,0.27,4.03,27.91,1.070703041,1.640659032,2.711362073
2019-05-09,2.45633,4,4,R,30.55,33.18,0.27,0,2.65,0.9,2.17,0.22,3.26,27.91,1.078845269,1.327183237,2.406028506
2019-05-09,2.45633,4,4,L,30.4,33.18,0.21,0,2.49,0.9,2.22,0.37,3.57,27.91,1.013707442,1.453387778,2.467095219
2019-05-09,2.45633,3,3,L,30.46,32.81,0.28,0,2.55,1.27,2.34,0.34,4.32,27.91,1.038134127,1.758721344,2.796855471
2019-05-09,2.45633,2,2,L,30.8,32.94,0.32,0,2.9,1.14,2.45,0.36,3.84,27.91,1.180623125,1.563307862,2.743930986
2019-05-09,2.45633,1,1,L,30.27,32.46,0.22,0,2.37,1.62,2.6,0.38,7.88,27.91,0.964854071,3.208038008,4.172892079
2019-05-09,2.61202,1,1,R,30.34,30.99,0.21,0,2.44,3.09,3.71,0.36,8.57,27.91,0.934142924,3.280985597,4.215128521
2019-05-09,2.61202,2,2,R,30.32,32.75,0.18,0,2.41,1.33,2.39,0.44,4.72,27.91,0.92265756,1.807030574,2.729688134
2019-05-09,2.61202,3,3,R,30.28,31.55,0.17,0,2.37,2.53,3.27,0.24,7.54,27.91,0.907343742,2.886654773,3.793998515
2019-05-09,2.61202,4,4,R,30,32.14,0.13,0,2.09,1.94,2.67,0.45,6.13,27.91,0.800147013,2.346842673,3.146989686
2019-05-09,2.61202,4,4,L,30.66,32.38,0.45,0,2.76,1.7,3.11,0.49,5.67,27.91,1.056653471,2.170733762,3.227387233
2019-05-09,2.61202,3,3,L,30.45,31.59,0.28,0,2.55,2.49,3.35,0.49,7.56,27.91,0.976255925,2.894311682,3.870567607
2019-05-09,2.61202,2,2,L,30.31,32.46,0.21,0,2.41,1.62,2.74,0.17,5.63,27.91,0.92265756,2.155419943,3.078077503
2019-05-09,2.61202,1,1,L,30.15,30.98,0.16,0,2.25,3.09,3.4,0.21,8.5,27.91,0.861402286,3.254186415,4.115588701
2019-05-09,3.18516,1,1,R,31.36,32.63,0.39,0,3.46,1.45,5.17,0.15,6.25,27.91,1.086287659,1.962224818,3.048512477
2019-05-09,3.18516,2,2,R,30.8,32.54,0.37,0,2.9,1.54,2.58,0.36,4.89,27.91,0.910472315,1.535244697,2.445717013
2019-05-09,3.18516,3,3,R,31.52,33.98,0.56,0,3.61,0.1,1.42,0.26,0.34,27.91,1.133381055,0.10674503,1.240126085
2019-05-09,3.18516,4,4,R,30.71,33.77,0.26,0,2.81,0.31,1.59,0.36,1.26,27.91,0.882216278,0.395584523,1.277800801
2019-05-09,3.18516,4,4,L,31.25,33.02,0.5,0,3.35,1.06,3.3,0.3,4.93,27.91,1.051752502,1.547802936,2.599555438
2019-05-09,3.18516,3,3,L,30.73,32.68,0.32,0,2.82,1.4,2.7,0.21,5.11,27.91,0.885355838,1.604315011,2.489670849
2019-05-09,3.18516,2,2,L,30.58,32.28,0.27,0,2.67,1.79,2.87,0.26,6.05,27.91,0.838262442,1.899433623,2.737696066
2019-05-09,3.18516,1,1,L,30.54,32.02,0.26,0,2.63,2.06,3.13,0.32,6.73,27.91,0.825704203,2.112923684,2.938627887
2019-05-09,2.51701,1,1,R,30.45,31.98,0.24,0,2.55,2.09,3.28,0.49,6.86,27.91,1.013106821,2.725455997,3.738562819
2019-05-09,2.51701,2,2,R,30.15,33.06,0.17,0,2.25,1.02,2.05,0.37,3.58,27.91,0.893917783,1.422322518,2.316240301
2019-05-09,2.51701,3,3,R,30.03,32.3,0.15,0,2.12,1.78,2.6,0.13,5.9,27.91,0.8422692,2.344051076,3.186320277
2019-05-09,2.51701,4,4,R,29.97,32.22,0.1,0,2.07,1.86,2.63,0.14,6.2,27.91,0.822404361,2.463240114,3.285644475
2019-05-09,2.51701,4,4,L,30.24,32.71,0.22,0,2.34,1.37,2.48,0.4,4.52,27.91,0.929674495,1.795781503,2.725455997
2019-05-09,2.51701,3,3,L,29.87,33.75,0.09,0,1.96,0.32,1.47,0.27,1.66,27.91,0.778701714,0.659512676,1.438214389
2019-05-09,2.51701,2,2,L,30.07,32.39,0.1,0,2.17,1.69,2.99,0.4,6.18,27.91,0.86213404,2.455294178,3.317428218
2019-05-09,2.51701,1,1,L,29.9,33.31,0.08,0,2,0.77,1.8,0.32,2.65,27.91,0.794593585,1.0528365,1.847430086
2019-05-09,3.0564,1,1,R,31.7,32.7,0.62,0,3.79,1.37,3.24,0.25,4.51,27.91,1.24002094,1.4755922,2.71561314
2019-05-09,3.0564,2,2,R,30.21,32.69,0.12,0,2.3,1.39,2.4,0.36,4.78,27.91,0.752519304,1.563931423,2.316450726
2019-05-09,3.0564,3,3,R,31.37,33.58,0.49,0,3.46,0.5,2.07,0.2,1.97,27.91,1.132050779,0.644549143,1.776599921
2019-05-09,3.0564,4,4,R,31.08,32.73,0.37,0,3.17,1.35,2.47,0.28,4.3,27.91,1.03716791,1.406883916,2.444051826
2019-05-09,3.0564,4,4,L,31.41,32.85,0.52,0,3.51,1.22,2.75,0.22,4.11,27.91,1.148409894,1.344719278,2.493129172
2019-05-09,3.0564,3,3,L,31.79,33.22,0.6,0,3.89,0.85,2.9,0.21,2.96,27.91,1.27273917,0.968459626,2.241198796
2019-05-09,3.0564,2,2,L,30.05,32.26,0.11,0,2.14,1.82,2.54,0.32,5.88,27.91,0.700170135,1.923831959,2.624002094
2019-05-09,3.0564,1,1,L,31.15,33.48,0.47,0,3.24,0.6,2.03,0.23,2.05,27.91,1.060070671,0.670723727,1.730794399
2019-05-09,0.90831,1,1,R,28.93,32.29,-0.2,0,1.02,1.78,2.35,0.54,6.31,27.91,1.122964627,6.946967445,8.069932072
2019-05-09,0.90831,2,2,R,28.84,33.63,-0.19,0,0.94,0.45,1.36,0.68,2.1,27.91,1.03488897,2.311985996,3.346874966
2019-05-09,0.90831,3,3,R,29.14,31.33,-0.11,0,1.24,2.75,3.15,0.48,8.46,27.91,1.365172683,9.314000727,10.67917341
2019-05-09,0.90831,4,4,R,29.24,31.85,-0.09,0,1.34,2.22,3.15,0.5,8.36,27.91,1.475267255,9.203906155,10.67917341
2019-05-09,0.90831,4,4,L,29.38,33.79,-0.06,0,1.47,0.29,1.32,0.53,1.56,27.91,1.618390197,1.717475311,3.335865508
2019-05-09,0.90831,3,3,L,29.15,32.94,-0.07,0,1.24,1.14,2.07,0.6,4.66,27.91,1.365172683,5.13040702,6.495579703
2019-05-09,0.90831,2,2,L,29.04,31.27,-0.1,0,1.13,2.81,3.17,0.54,8.7,27.91,1.244068655,9.578227698,10.82229635
2019-05-09,0.90831,1,1,L,29.09,32.9,-0.09,0,1.18,1.18,2.15,0.51,4.74,27.91,1.299115941,5.218482677,6.517598617
2019-05-09,1.88639,1,1,R,29.78,32.76,0.07,0,1.88,1.31,2.25,0.32,4.86,27.91,0.996612577,2.576349535,3.572962113
2019-05-09,1.88639,2,2,R,30.05,32.15,0.12,0,2.15,1.92,2.76,0.25,6.34,27.91,1.139743107,3.360916884,4.500659991
2019-05-09,1.88639,3,3,R,29.83,31.83,0.07,0,1.93,2.25,3.04,0.28,7.24,27.91,1.023118231,3.838018649,4.86113688
2019-05-09,1.88639,4,4,R,30.11,32.63,0.1,0,2.2,1.45,2.59,0.24,5.38,27.91,1.166248761,2.852008333,4.018257094
2019-05-09,1.88639,4,4,L,30.5,32.52,0.41,0,2.6,1.56,3.12,0.31,5.86,27.91,1.37829399,3.106462608,4.484756599
2019-05-09,1.88639,3,3,L,29.87,32.87,0.08,0,1.97,1.21,2.14,0.24,4.07,27.91,1.044322754,2.157560208,3.201882962
2019-05-09,1.88639,2,2,L,29.88,31.38,0.1,0,1.97,2.7,3.34,0.32,8.04,27.91,1.044322754,4.262109108,5.306431862
2019-05-09,1.88639,1,1,L,30.1,32.56,0.15,0,2.2,1.52,2.42,0.17,4.56,27.91,1.166248761,2.417315613,3.583564374
2019-05-09,2.70376,1,1,R,31.22,32.8,0.51,0,3.32,1.28,2.65,0.26,4.24,27.91,1.227919638,1.568186525,2.796106163
2019-05-09,2.70376,2,2,R,30.47,32.17,0.24,0,2.57,1.91,2.93,0.16,6.24,27.91,0.950528153,2.307897151,3.258425304
2019-05-09,2.70376,3,3,R,30.48,32.49,0.25,0,2.58,1.58,2.68,0.15,5.29,27.91,0.954226707,1.956534604,2.91076131
2019-05-09,2.70376,4,4,R,30.23,32.85,0.21,0,2.33,1.23,2.47,0.33,4.9,27.91,0.861762878,1.812291032,2.67405391
2019-05-09,2.70376,4,4,L,30.92,31.9,0.5,0,3.02,2.17,3.74,0.29,7.25,27.91,1.116963044,2.681451016,3.79841406
2019-05-09,2.70376,3,3,L,31.03,32.59,0.43,0,3.13,1.49,2.73,0.16,4.98,27.91,1.157647128,1.841879457,2.999526585
2019-05-09,2.70376,2,2,L,30.73,32.7,0.31,0,2.82,1.37,2.65,0.13,4.75,27.91,1.042991982,1.756812735,2.799804716
2019-05-09,2.70376,1,1,L,30.6,32.94,0.27,0,2.7,1.13,2.29,0.26,3.89,27.91,0.998609344,1.438737166,2.43734651
2019-05-09,2.32111,1,1,R,30.22,32.54,0.17,0,2.32,1.54,2.6,0.44,5.34,27.91,0.999521781,2.300623409,3.300145189
2019-05-09,2.32111,2,2,R,30.29,33.36,0.18,0,2.38,0.72,1.97,0.58,2.57,27.91,1.025371482,1.107228869,2.132600351
2019-05-09,2.32111,3,3,R,29.82,32.45,0.06,0,1.92,1.62,2.69,0.31,6.51,27.91,0.827190439,2.804692582,3.631883021
2019-05-09,2.32111,4,4,R,30.18,31.99,0.2,0,2.28,2.09,3.07,0.3,6.67,27.91,0.982288646,2.873625119,3.855913765
2019-05-09,2.32111,4,4,L,30,32.18,0.08,0,2.09,1.89,2.73,0.46,6.3,27.91,0.900431259,2.714218628,3.614649887
2019-05-09,2.32111,3,3,L,30.03,31.64,0.12,0,2.13,2.43,3.14,0.46,7.15,27.91,0.917664393,3.080422729,3.998087122
2019-05-09,2.32111,2,2,L,30.06,30.96,0.14,0,2.15,3.12,3.65,0.38,8.76,27.91,0.92628096,3.774056378,4.700337339
2019-05-09,2.32111,1,1,L,29.79,31.52,0.07,0,1.89,2.56,2.94,0.27,7.46,27.91,0.814265588,3.213979518,4.028245107
2019-05-09,0.25249,1,1,R,28.34,32.67,-0.38,0,0.43,1.4,1.91,0.98,5.34,27.91,1.703037744,21.14935245,22.85239019
2019-05-09,0.25249,2,2,R,28.23,32.46,-0.41,0,0.32,1.62,1.83,1.01,5.59,27.91,1.267376926,22.13949067,23.4068676
2019-05-09,0.25249,3,3,R,28.26,32.85,-0.28,0,0.35,1.23,1.6,0.96,4.75,27.91,1.386193513,18.81262624,20.19881976
2019-05-09,0.25249,4,4,R,28.31,32.5,-0.38,0,0.41,1.58,2.05,0.95,5.54,27.91,1.623826686,21.94146303,23.56528971
2019-05-09,0.25249,4,4,L,28.14,33.14,-0.27,0,0.23,0.93,1.7,0.98,4.58,27.91,0.910927165,18.13933225,19.05025942
2019-05-09,0.25249,3,3,L,28.36,32.55,-0.34,0,0.46,1.53,2.01,1.02,5.68,27.91,1.821854331,22.49594043,24.31779476
2019-05-09,0.25249,2,2,L,28.21,32.92,-0.42,0,0.31,1.16,1.65,0.99,4.03,27.91,1.227771397,15.96102816,17.18879956
2019-05-09,0.25249,1,1,L,28.43,32.79,-0.18,0,0.53,1.29,2.01,0.93,5.51,27.91,2.099093033,21.82264644,23.92173947
2019-05-09,7.46505,1,1,R,34.61,21.99,1.18,0,6.71,12.09,0,0.61,18.92,27.91,0.898855333,2.534477331,3.433332664
2019-05-09,7.46505,2,2,R,35.24,22.65,1.4,0,7.33,11.42,0,0.69,17.63,27.91,0.981909029,2.361672058,3.343581088
2019-05-09,7.46505,3,3,R,34.79,23.59,1.41,0,6.89,10.49,0,0.86,17.52,27.91,0.922967696,2.346936725,3.269904421
2019-05-09,7.46505,4,4,R,35.93,23.68,1.56,0,8.03,10.4,0,0.47,17,27.91,1.075679332,2.277278786,3.352958118
2019-05-09,7.46505,4,4,L,35.92,26.19,1.8,0,8.02,7.88,11.82,0.4,15.94,27.91,1.074339757,2.135283756,3.209623512
2019-05-09,7.46505,3,3,L,35.73,22.38,1.44,0,7.83,11.69,0,0.35,17.96,27.91,1.048887817,2.405878058,3.454765876
2019-05-09,7.46505,2,2,L,36.01,23.1,1.71,0,8.11,10.97,0,0.25,17.63,27.91,1.086395938,2.361672058,3.448067997
2019-05-09,7.46505,1,1,L,34.98,25.05,1.28,0,7.08,9.02,11.67,0.7,16.22,27.91,0.948419636,2.172791877,3.121211512
2019-05-09,2.67338,1,1,R,30.94,32.73,0.41,0,3.04,1.34,2.59,0.39,4.3,27.91,1.137137257,1.608450725,2.745587982
2019-05-09,2.67338,2,2,R,30.12,32.47,0.13,0,2.22,1.61,2.49,0.46,5.41,27.91,0.830409444,2.023655447,2.854064892
2019-05-09,2.67338,3,3,R,30.62,32.27,0.3,0,2.71,1.81,3.16,0.28,6.2,27.91,1.013698015,2.319161511,3.332859526
2019-05-09,2.67338,4,4,R,30.71,32.27,0.27,0,2.81,1.81,3.05,0.23,6.09,27.91,1.051103846,2.278015097,3.329118943
2019-05-09,2.67338,4,4,L,30.8,33.2,0.29,0,2.89,0.88,2.33,0.35,3.17,27.91,1.081028511,1.185764837,2.266793348
2019-05-09,2.67338,3,3,L,30.7,32.98,0.28,0,2.8,1.09,2.33,0.3,4.2,27.91,1.047363263,1.571044894,2.618408157
2019-05-09,2.67338,2,2,L,30.8,32.66,0.18,0,2.9,1.42,3.38,0.27,6.03,27.91,1.084769094,2.255571599,3.340340692
2019-05-09,2.67338,1,1,L,30.85,32.63,0.38,0,2.95,1.45,2.98,0.18,5.51,27.91,1.103472009,2.061061278,3.164533287
2019-05-09,1.07141,2,2,R,28.75,31.44,-0.24,0,0.84,2.64,3.02,0.74,9.19,27.91,0.78401359,8.57748201,9.361495599
2019-05-09,1.07141,3,3,R,28.97,32.18,-0.11,0,1.06,1.9,2.34,0.7,8.5,27.91,0.989350482,7.933470847,8.922821329
2019-05-09,1.07141,4,4,R,29.14,32.13,-0.1,0,1.23,1.95,2.67,0.61,6.72,27.91,1.148019899,6.272108717,7.420128616
2019-05-09,1.07141,4,4,L,29.28,32.61,-0.05,0,1.38,1.47,2.39,0.59,6.75,27.91,1.288022326,6.300109202,7.588131528
2019-05-09,1.07141,3,3,L,29.19,31.77,-0.09,0,1.29,2.31,2.94,0.77,5.36,27.91,1.20402087,5.002753381,6.206774251
2019-05-09,1.07141,2,2,L,29.14,33.49,-0.1,0,1.24,0.58,1.08,0.71,7.57,27.91,1.157353394,7.065455801,8.222809195
2019-05-09,1.07141,1,1,R,28.3,31.21,-0.17,0,0.4,2.86,2.99,0.69,2.03,27.91,0.373339805,1.894699508,2.268039313
2019-05-09,1.07141,1,1,L,29.06,31.41,-0.13,0,1.16,2.67,3.02,0.71,8.35,27.91,1.082685433,7.79346842,8.876153853
2019-05-09,2.94787,1,1,R,31.34,30.55,0.49,0,3.43,3.52,5.34,0.26,10.39,27.91,1.163551988,3.524578764,4.688130752
2019-05-09,2.94787,2,2,R,30.62,32.43,0.27,0,2.71,1.64,2.87,0.21,5.72,27.91,0.919307839,1.940384074,2.859691913
2019-05-09,2.94787,3,3,R,30.89,32.31,0.38,0,2.99,1.77,3.62,0.12,6.57,27.91,1.014291675,2.228727861,3.243019536
2019-05-09,2.94787,4,4,R,29.84,32.23,0.07,0,1.94,1.85,2.72,0.37,6.08,27.91,0.658102291,2.062506149,2.720608439
2019-05-09,2.94787,4,4,L,30.19,33.3,0.19,0,2.28,0.78,2.01,0.29,3.46,27.91,0.773439806,1.173728828,1.947168634
2019-05-09,2.94787,3,3,L,30.65,33.21,0.27,0,2.75,0.87,2.07,0.39,2.81,27.91,0.932876959,0.953230638,1.886107596
2019-05-09,2.94787,2,2,L,31.08,33.12,0.42,0,3.18,0.96,2.14,0.2,3.4,27.91,1.078744992,1.153375149,2.232120141
2019-05-09,2.94787,1,1,L,30.56,33.66,0.36,0,2.65,0.42,1.58,0.59,1.67,27.91,0.89895416,0.566510735,1.465464895
2019-05-09,2.97079,1,1,R,31.26,31.9,0.46,0,3.35,2.18,3.71,0.25,6.76,27.91,1.127646182,2.275489011,3.403135193
2019-05-09,2.97079,2,2,R,30.94,32.44,0.38,0,3.04,1.64,3.42,0.22,5.93,27.91,1.023296834,1.996102047,3.01939888
2019-05-09,2.97079,3,3,R,31,30.75,0.36,0,3.1,3.33,4.22,0.17,8.89,27.91,1.043493482,2.992470016,4.035963498
2019-05-09,2.97079,4,4,R,30.77,31.88,0.25,0,2.86,2.2,3.2,0.4,7,27.91,0.962706889,2.356275603,3.318982493
2019-05-09,2.97079,4,4,L,31.84,33.43,0.45,0,3.94,0.65,2.93,0.22,2.84,27.91,1.326246554,0.955974673,2.282221227
2019-05-09,2.97079,3,3,L,30.08,33.69,0.13,0,2.18,0.39,1.46,0.36,1.6,27.91,0.733811545,0.538577281,1.272388826
2019-05-09,2.97079,2,2,L,30.59,33.35,0.24,0,2.68,0.73,2.13,0.6,2.51,27.91,0.902116945,0.844893109,1.747010055
2019-05-09,2.97079,1,1,L,30.23,32.57,0.16,0,2.32,1.5,2.38,0.36,5.02,27.91,0.780937057,1.689786218,2.470723276
2019-05-09,3.15225,1,1,R,30.98,32.26,0.57,0,3.07,1.82,2.91,0.6,5.31,27.91,0.973907526,1.684511064,2.65841859
2019-05-09,3.15225,2,2,R,30.96,32.73,0.35,0,3.05,1.34,2.37,0.19,4.15,27.91,0.967562852,1.316519946,2.284082798
2019-05-09,3.15225,3,3,R,31.22,31.47,0.44,0,3.31,2.61,3.85,0.22,7.56,27.91,1.05004362,2.398286938,3.448330558
2019-05-09,3.15225,4,4,R,31.28,31.18,0.49,0,3.38,2.9,3.86,0.24,7.91,27.91,1.07224998,2.509318741,3.581568721
2019-05-09,3.15225,4,4,L,31.49,31.55,0.53,0,3.58,2.52,3.88,0.14,7.65,27.91,1.135696725,2.426837973,3.562534697
2019-05-09,3.15225,3,3,L,30.94,31.66,0.46,0,3.03,2.42,3.65,0.18,7.18,27.91,0.961218177,2.277738124,3.238956301
2019-05-09,3.15225,2,2,L,30.77,30.38,0.36,0,2.87,3.69,4.36,0.19,9.34,27.91,0.910460782,2.962962963,3.873423745
2019-05-09,3.15225,1,1,L,30.86,30.78,0.29,0,2.96,3.3,4.39,0.19,9.17,27.91,0.939011817,2.90903323,3.848045047
2019-05-09,1.10593,1,1,R,28.98,33.69,-0.15,0,1.08,0.39,1.07,0.69,1.86,27.91,0.97655367,1.681842431,2.658396101
2019-05-09,1.10593,2,2,R,29.14,32.79,-0.1,0,1.23,1.29,2.3,0.64,5.38,27.91,1.112186124,4.864684022,5.976870145
2019-05-09,1.10593,3,3,R,29.07,32.71,-0.09,0,1.16,1.37,1.79,0.58,4.24,27.91,1.048890979,3.83387737,4.882768349
2019-05-09,1.10593,4,4,R,28.65,31.58,-0.17,0,0.75,2.49,2.78,0.6,8.27,27.91,0.678162271,7.477869305,8.156031575
2019-05-09,1.10593,4,4,L,28.41,32.04,-0.45,0,0.51,2.04,2.64,0.64,8.15,27.91,0.461150344,7.369363341,7.830513685
2019-05-09,1.10593,3,3,L,28.87,32.25,-0.09,0,0.96,1.82,2.71,0.69,7.59,27.91,0.868047706,6.863002179,7.731049886
2019-05-09,1.10593,2,2,L,29.07,32.53,-0.1,0,1.16,1.54,2.26,0.62,5.45,27.91,1.048890979,4.927979167,5.976870145
2019-05-09,1.10593,1,1,L,28.68,32.61,-0.14,0,0.78,1.47,2.3,0.55,6.53,27.91,0.705288761,5.904532837,6.609821598
2019-05-09,0.32815,1,1,R,27.91,32.89,-0.29,0,0.01,1.19,1.66,1.01,5.28,27.91,0.030473869,16.09020265,16.12067652
2019-05-09,0.32815,2,2,R,27.94,32.57,-0.49,0,0.04,1.51,1.91,0.98,5.93,27.91,0.121895475,18.07100411,18.19289959
2019-05-09,0.32815,3,3,R,28.17,33.18,-0.38,0,0.27,0.9,1.87,1.03,4.75,27.91,0.822794454,14.47508761,15.29788207
2019-05-09,0.32815,4,4,R,28.02,31.94,-0.26,0,0.12,2.14,2.29,0.97,7.22,27.91,0.365686424,22.00213317,22.36781959
2019-05-09,0.32815,4,4,L,28.19,33.77,-0.35,0,0.29,0.31,1.48,1.04,3.29,27.91,0.883742191,10.02590279,10.90964498
2019-05-09,0.32815,3,3,L,28.16,33.49,-0.22,0,0.26,0.59,1.57,1.09,4.19,27.91,0.792320585,12.76855097,13.56087155
2019-05-09,3.32736,1,1,R,31.68,31.24,0.81,0,3.77,2.83,5.45,0.45,10.31,27.91,1.13303039,3.098552606,4.231582997
2019-05-09,3.32736,2,2,R,30.88,33.18,0.42,0,2.97,0.89,2.21,0.21,2.93,27.91,0.892599538,0.880577996,1.773177534
2019-05-09,3.32736,3,3,R,30.93,34.38,0.23,0,3.03,-0.3,1.11,0.44,0.19,27.91,0.910631852,0.057102327,0.96773418
2019-05-09,3.32736,4,4,R,31.23,32.64,0.53,0,3.32,1.44,2.87,0.13,4.66,27.91,0.997788036,1.400509713,2.39829775
2019-05-09,3.32736,4,4,L,31.15,32.88,0.34,0,3.24,1.2,2.65,0.18,3.95,27.91,0.973744951,1.187127332,2.160872283
2019-05-09,3.32736,3,3,L,31.48,31.59,0.36,0,3.58,2.49,4.91,0.52,9.34,27.91,1.075928063,2.807030198,3.882958261
2019-05-09,3.32736,2,2,L,31.18,32.68,0.37,0,3.27,1.39,3.37,0.24,5.99,27.91,0.982761108,1.800226005,2.782987113
2019-05-09,3.32736,1,1,L,30.57,32.89,0.2,0,2.67,1.19,2.14,0.34,4.11,27.91,0.802437969,1.235213503,2.037651471
2019-05-09,3.94876,1,1,R,31.77,30.26,0.58,0,3.87,3.82,5.96,0.73,11.13,27.91,0.980054498,2.818606347,3.798660845
2019-05-09,3.94876,2,2,R,31.28,30.84,0.45,0,3.38,3.24,4.05,0.22,8.32,27.91,0.855964911,2.106990549,2.962955459
2019-05-09,3.94876,3,3,R,30.66,31.33,0.22,0,2.75,2.75,3.62,0.41,8.11,27.91,0.696421155,2.053809297,2.750230452
2019-05-09,3.94876,4,4,R,30.64,30.05,0.18,0,2.74,4.03,4.61,0.36,10.25,27.91,0.693888714,2.595751578,3.289640292
2019-05-09,3.94876,4,4,L,31.94,30.78,0.25,0,4.03,3.3,5.9,1.11,10.85,27.91,1.020573547,2.747698012,3.768271559
2019-05-09,3.94876,3,3,L,31.33,31.98,0.53,0,3.42,2.09,4.11,0.32,7.56,27.91,0.866094673,1.914525066,2.780619739
2019-05-09,3.94876,2,2,L,30.22,30.21,0.09,0,2.31,3.87,4.34,0.49,10.18,27.91,0.58499377,2.578024494,3.163018264
2019-05-09,3.94876,1,1,L,30.8,30.09,0.26,0,2.89,3.98,4.8,0.44,10.25,27.91,0.731875323,2.595751578,3.327626901
2019-05-09,3.98582,1,1,R,33.16,30.1,0.93,0,5.25,3.98,6.91,1.03,11.66,27.91,1.317169365,2.925370438,4.242539804
2019-05-09,3.98582,2,2,R,31.58,33.72,0.45,0,3.68,0.36,2.08,0.21,1.9,27.91,0.923273003,0.476689866,1.399962868
2019-05-09,3.98582,3,3,R,31.02,33.02,0.45,0,3.12,1.06,2.17,0.27,3.52,27.91,0.782774937,0.883130698,1.665905635
2019-05-09,3.98582,4,4,R,31.98,30.42,0.4,0,4.08,3.66,6.06,0.68,11.23,27.91,1.023628764,2.817487995,3.841116759
2019-05-09,3.98582,4,4,L,31.06,34.24,0.34,0,3.16,-0.17,1.55,0.53,0.43,27.91,0.792810513,0.107882443,0.900692957
2019-05-09,3.98582,3,3,L,31.52,32.14,0.43,0,3.61,1.94,3.98,0.16,6.76,27.91,0.905710745,1.696012364,2.601723108
2019-05-09,3.98582,2,2,L,31.09,33.49,0.43,0,3.18,0.59,2.34,0.42,3.11,27.91,0.797828301,0.780266043,1.578094344
2019-05-09,3.98582,1,1,L,30.82,31.9,0.29,0,2.92,2.18,3.43,0.7,6.91,27.91,0.732597057,1.733645774,2.466242831
2019-05-09,1.95645,1,1,R,29.27,32.84,-0.05,0,1.36,1.24,2.21,0.54,4.65,27.91,0.695136599,2.376753814,3.071890414
2019-05-09,1.95645,2,2,R,29.89,32.33,0.07,0,1.98,1.75,2.83,0.29,6.51,27.91,1.012037108,3.32745534,4.339492448
2019-05-09,1.95645,3,3,R,29.85,32.83,0.14,0,1.94,1.24,2.17,0.34,4.5,27.91,0.991591914,2.300084336,3.29167625
2019-05-09,1.95645,4,4,R,29.87,32.97,0.07,0,1.97,1.11,2.18,0.18,4.83,27.91,1.00692581,2.468757188,3.475682997
2019-05-09,1.95645,4,4,L,29.98,33.04,0.13,0,2.07,1.04,1.83,0.27,4.19,27.91,1.058038795,2.141634082,3.199672877
2019-05-09,1.95645,3,3,L,29.95,31.87,0.08,0,2.05,2.21,2.84,0.43,6.64,27.91,1.047816198,3.393902221,4.441718419
2019-05-09,1.95645,2,2,L,29.67,32.8,0.02,0,1.77,1.28,2.04,0.35,4.56,27.91,0.904699839,2.330752128,3.235451967
2019-05-09,1.95645,1,1,L,29.57,31.53,0,0,1.67,2.54,3.18,0.34,8.28,27.91,0.853586854,4.232155179,5.085742033
2019-05-10,1.0154,1,1,R,28.44,31.83,-0.25,0,0.53,2.24,2.33,0.58,7.34,27.91,0.521961788,7.228678353,7.750640142
2019-05-10,1.0154,2,2,R,28.5,31.13,-0.28,0,0.6,2.95,2.94,0.6,9.22,27.91,0.590900138,9.080165452,9.67106559
2019-05-10,1.0154,3,3,R,28.95,31.45,-0.22,0,1.05,2.62,3.13,0.58,8.55,27.91,1.034075241,8.420326965,9.454402206
2019-05-10,1.0154,4,4,R,28.87,31.6,-0.12,0,0.97,2.47,2.92,0.51,8.16,27.91,0.955288556,8.036241875,8.991530431
2019-05-10,1.0154,4,4,L,28.68,32.01,-0.17,0,0.78,2.07,2.48,0.52,7.29,27.91,0.768170179,7.179436675,7.947606854
2019-05-10,1.0154,3,3,L,28.7,31.46,-0.29,0,0.8,2.62,3.04,0.6,8.77,27.91,0.787866851,8.636990349,9.424857199
2019-05-10,1.0154,2,2,L,28.81,32.55,-0.18,0,0.91,1.53,2.11,0.61,5.8,27.91,0.896198542,5.712034666,6.608233209
2019-05-10,1.0154,1,1,L,28.21,32.66,-0.36,0,0.3,1.42,1.87,0.6,5.82,27.91,0.295450069,5.731731337,6.027181406
2019-05-10,2.49244,1,1,R,32.07,26.39,0.57,0,4.17,7.68,9.06,0.46,15.51,27.91,1.673059331,6.222817801,7.895877132
2019-05-10,2.49244,2,2,R,31.49,30.03,0.51,0,3.59,4.04,5.55,0.86,10.74,27.91,1.440355635,4.309030508,5.749386144
2019-05-10,2.49244,3,3,R,31.02,28.47,0.38,0,3.12,5.61,6.54,0.55,12.99,27.91,1.251785399,5.211760363,6.463545762
2019-05-10,2.49244,4,4,R,31.29,28.4,0.42,0,3.39,5.68,6.82,0.63,13.11,27.91,1.360112982,5.259905956,6.620018937
2019-05-10,2.49244,4,4,L,31.58,27.6,0.37,0,3.67,6.47,7.69,0.65,14.12,27.91,1.472452697,5.665131357,7.137584054
2019-05-10,2.49244,3,3,L,31.41,26.91,0.42,0,3.51,7.17,7.87,0.57,14.56,27.91,1.408258574,5.841665196,7.249923769
2019-05-10,2.49244,2,2,L,32.46,23.78,0.79,0,4.56,10.3,11.17,0.82,17.61,27.91,1.829532506,7.065365666,8.894898172
2019-05-10,2.49244,1,1,L,31.96,27.37,0.66,0,4.05,6.71,7.84,0.74,13.97,27.91,1.624913739,5.604949367,7.229863106
2019-05-10,3.63384,1,1,R,31.19,33.79,0.52,0,3.28,0.28,1.77,0.55,1.15,27.91,0.902626423,0.31646963,1.219096053
2019-05-10,3.63384,2,2,R,31.27,33.51,0.3,0,3.36,0.57,2.17,0.4,2.31,27.91,0.924641701,0.63569117,1.560332871
2019-05-10,3.63384,3,3,R,31,33.74,0.2,0,3.09,0.34,1.94,0.66,1.77,27.91,0.850340136,0.487088039,1.337428175
2019-05-10,3.63384,4,4,R,30.97,33.03,0.32,0,3.06,1.05,2.59,0.48,3.95,27.91,0.842084407,1.087004381,1.929088788
2019-05-10,3.63384,4,4,L,31.84,33.22,0.47,0,3.93,0.85,2.64,0.25,2.33,27.91,1.081500561,0.641194989,1.722695551
2019-05-10,3.63384,3,3,L,32.3,33.41,0.49,0,4.39,0.67,3.08,0.22,3.01,27.91,1.208088413,0.828324857,2.036413271
2019-05-10,3.63384,2,2,L,31.02,33.19,0.22,0,3.11,0.89,2.78,0.22,3.98,27.91,0.855843956,1.095260111,1.951104066
2019-05-10,3.63384,1,1,L,31.74,34.14,0.86,0,3.83,-0.06,2.05,0.21,0.54,27.91,1.053981463,0.148603131,1.202584594
2019-05-10,3.77318,1,1,R,33.56,25.03,0.83,0,5.66,9.05,11.49,0.47,17.21,27.91,1.500060957,4.56113941,6.061200367
2019-05-10,3.77318,2,2,R,32.02,30.98,0.55,0,4.12,3.1,5.29,0.19,9.6,27.91,1.091917163,2.544273,3.636190163
2019-05-10,3.77318,3,3,R,31.66,32.53,0.58,0,3.75,1.54,3.14,0.24,4.66,27.91,0.993856641,1.235032519,2.22888916
2019-05-10,3.77318,4,4,R,31.43,33.75,0.54,0,3.53,0.32,1.68,0.33,1.32,27.91,0.935550385,0.349837538,1.285387922
2019-05-10,3.77318,4,4,L,31.78,33.92,0.47,0,3.87,0.16,1.84,0.5,0.57,27.91,1.025660053,0.151066209,1.176726263
2019-05-10,3.77318,3,3,L,30.86,33.69,0.39,0,2.96,0.39,1.84,0.38,1.28,27.91,0.784484175,0.3392364,1.123720575
2019-05-10,3.77318,2,2,L,30.44,33.05,0.25,0,2.53,1.03,2.26,0.7,3.83,27.91,0.670521947,1.015058916,1.685580863
2019-05-10,3.77318,1,1,L,30.23,31.99,0.15,0,2.32,2.09,2.85,0.93,6.69,27.91,0.614865975,1.773040247,2.387906222
2019-05-21,1.62814,1,1,R,29.98,33.08,0.1,0,2.07,1,2.16,0.45,3.72,27.91,1.271389438,2.284815802,3.55620524
2019-05-21,1.62814,2,2,R,30.86,28.25,0.32,0,2.96,5.83,6.15,0.48,12.61,27.91,1.818025477,7.745034211,9.563059688
2019-05-21,1.62814,3,3,R,29.77,32.91,0.06,0,1.87,1.17,2.11,0.45,4.24,27.91,1.148549879,2.604198656,3.752748535
2019-05-21,1.62814,4,4,R,30.19,32.38,0.32,0,2.29,1.7,2.95,0.99,6.01,27.91,1.406512953,3.691328756,5.097841709
2019-05-21,1.62814,4,4,L,29.87,32.47,0.07,0,1.96,1.6,2.3,0.34,5.34,27.91,1.203827681,3.279816232,4.483643913
2019-05-21,1.62814,3,3,L,29.81,33.06,0.06,0,1.91,1.02,2.13,0.75,3.67,27.91,1.173117791,2.254105912,3.427223703
2019-05-21,1.62814,2,2,L,29.98,25.77,0.1,0,2.08,8.31,6.58,0.2,14.56,27.91,1.277531416,8.942719914,10.22025133
2019-05-21,1.62814,1,1,L,29.73,32.02,0.05,0,1.83,2.05,3.1,0.68,6.73,27.91,1.123981967,4.133551169,5.257533136
2019-05-21,1.10497,1,1,R,29.22,31.91,-0.09,0,1.31,2.17,2.86,0.55,7.51,27.91,1.185552549,6.796564613,7.982117162
2019-05-21,1.10497,2,2,R,28.46,31.42,-0.3,0,0.56,2.66,2.7,0.58,8.43,27.91,0.50680109,7.629166403,8.135967492
2019-05-21,1.10497,3,3,R,28.75,31.06,-0.21,0,0.85,3.02,3.29,0.48,9.28,27.91,0.769251654,8.398418057,9.16766971
2019-05-21,1.10497,4,4,R,29.12,32.05,-0.11,0,1.22,2.03,2.75,0.52,7.37,27.91,1.104102374,6.66986434,7.773966714
2019-05-21,1.10497,4,4,L,28.45,31.05,-0.26,0,0.54,3.03,2.92,0.7,9.02,27.91,0.488701051,8.163117551,8.651818601
2019-05-21,1.10497,3,3,L,29.1,32.7,-0.11,0,1.19,1.38,2.11,0.54,4.88,27.91,1.076952315,4.416409495,5.493361811
2019-05-21,1.10497,2,2,L,28.59,31.42,-0.23,0,0.69,2.66,2.7,0.56,8.42,27.91,0.624451343,7.620116383,8.244567726
2019-05-21,1.10497,1,1,L,29.26,30.84,-0.08,0,1.35,3.24,3.63,0.63,9.6,27.91,1.221752627,8.688018679,9.909771306
2019-05-21,0.79735,1,1,R,29.2,32.4,-0.08,0,1.3,1.67,2.58,0.85,6.14,27.91,1.630400702,7.700507933,9.330908635
2019-05-21,0.79735,2,2,R,28.33,33.04,-0.27,0,0.42,1.03,1.77,0.9,4.86,27.91,0.526744842,6.095190318,6.62193516
2019-05-21,0.79735,3,3,R,29.27,33.36,-0.09,0,1.36,0.72,1.92,0.95,3.32,27.91,1.705649966,4.163792563,5.869442528
2019-05-21,0.79735,4,4,R,29.24,33.75,-0.09,0,1.34,0.32,1.6,0.84,2.15,27.91,1.680566878,2.696431931,4.376998809
2019-05-21,0.79735,4,4,L,28.92,32.61,-0.32,0,1.02,1.47,1.97,1.01,4.66,27.91,1.279237474,5.844359441,7.123596915
2019-05-21,0.79735,3,3,L,29.03,32.68,-0.16,0,1.12,1.4,2.08,0.86,5.22,27.91,1.404652913,6.546685897,7.95133881
2019-05-21,0.79735,2,2,L,28.55,33.05,-0.29,0,0.65,1.03,1.36,0.87,3.29,27.91,0.815200351,4.126167931,4.941368282
2019-05-21,0.79735,1,1,L,28.76,32.64,-0.18,0,0.86,1.44,2.08,0.93,5.44,27.91,1.078572772,6.822599862,7.901172634
2019-05-21,1.46948,1,1,R,29.56,33.77,0,0,1.66,0.3,1.39,0.51,1.12,27.91,1.129651305,0.762174375,1.89182568
2019-05-21,1.46948,2,2,R,29.03,32.53,-0.12,0,1.12,1.55,2.08,0.49,5.41,27.91,0.762174375,3.681574434,4.443748809
2019-05-21,1.46948,3,3,R,28.85,32.19,-0.17,0,0.94,1.88,2.48,0.43,6.95,27.91,0.639682064,4.7295642,5.369246264
2019-05-21,1.46948,4,4,R,29.92,31.99,0.1,0,2.01,2.08,3.16,0.37,6.82,27.91,1.367830797,4.641097531,6.008928328
2019-05-21,1.46948,4,4,L,29.79,32.2,0.06,0,1.88,1.88,2.78,0.49,6.34,27.91,1.279364129,4.314451371,5.593815499
2019-05-21,1.46948,3,3,L,28.65,32.34,-0.29,0,0.75,1.74,2.14,0.43,6.24,27.91,0.510384626,4.246400087,4.756784713
2019-05-21,1.46948,2,2,L,28.98,33.06,-0.18,0,1.08,1.02,1.62,0.55,3.58,27.91,0.734953861,2.436235947,3.171189809
2019-05-21,1.46948,1,1,L,29.11,32.66,-0.11,0,1.21,1.42,2.13,0.42,5.42,27.91,0.82342053,3.688379563,4.511800093
2019-05-21,3.28456,1,1,R,31.31,32.1,0.48,0,3.4,1.98,3.47,0.46,6.12,27.91,1.03514626,1.863263268,2.898409528
2019-05-21,3.28456,2,2,R,31.81,33.28,0.65,0,3.91,0.8,2.53,0.47,2.63,27.91,1.190418199,0.800716078,1.991134277
2019-05-21,3.28456,3,3,R,30.38,32.77,0.26,0,2.48,1.31,2.37,0.57,4.61,27.91,0.75504786,1.403536547,2.158584407
2019-05-21,3.28456,4,4,R,30.83,34.17,0.32,0,2.92,-0.09,1.73,0.64,0.99,27.91,0.889007965,0.301410235,1.190418199
2019-05-21,3.28456,4,4,L,32.2,31.52,0.69,0,4.3,2.56,4.88,0.22,8.5,27.91,1.309155564,2.58786565,3.897021214
2019-05-21,3.28456,3,3,L,31.79,32.78,0.5,0,3.88,1.3,3.46,0.25,4.87,27.91,1.181284556,1.48269479,2.663979346
2019-05-21,3.28456,2,2,L,32.29,34.44,0.88,0,4.38,-0.36,1.49,0.32,0.13,27.91,1.333511947,0.039579122,1.373091069
2019-05-21,3.28456,1,1,L,31.11,32.64,0.35,0,3.2,1.43,2.83,0.16,4.75,27.91,0.974255304,1.446160216,2.42041552
2019-05-21,2.22013,1,1,R,30.39,32.18,0.21,0,2.48,1.89,2.72,0.33,5.8,27.91,1.117051704,2.612459631,3.729511335
2019-05-21,2.22013,2,2,R,30.34,32.19,0.19,0,2.44,1.88,2.89,0.46,6.13,27.91,1.099034741,2.761099575,3.860134316
2019-05-21,2.22013,3,3,R,30.29,31.46,0.17,0,2.39,2.62,3.72,0.36,8.41,27.91,1.076513537,3.788066465,4.864580002
2019-05-21,2.22013,4,4,R,30.22,31.74,0.18,0,2.32,2.33,3.01,0.33,6.96,27.91,1.044983852,3.134951557,4.179935409
2019-05-21,2.22013,4,4,L,30.27,31.78,0.18,0,2.37,2.3,3.2,0.54,7.21,27.91,1.067505056,3.247557575,4.315062631
2019-05-21,2.22013,3,3,L,30.42,32.75,0.25,0,2.52,1.33,2.57,0.6,4.67,27.91,1.135068667,2.103480427,3.238549094
2019-05-21,2.22013,2,2,L,29.84,31.69,0.07,0,1.93,2.38,3.07,0.38,7.42,27.91,0.869318463,3.342146631,4.211465094
2019-05-21,2.22013,1,1,L,30.19,32.01,0.16,0,2.29,2.06,2.82,0.27,6.48,27.91,1.03147113,2.918748001,3.950219131
2019-05-21,0.85781,1,1,R,28.29,30.72,-0.28,0,0.39,3.36,3.23,0.67,9.86,27.91,0.454646134,11.49438687,11.949033
2019-05-21,0.85781,2,2,R,28.81,32.25,-0.2,0,0.9,1.83,2.26,0.72,6.37,27.91,1.049183386,7.425886851,8.475070237
2019-05-21,0.85781,3,3,R,28.98,31.62,-0.16,0,1.08,2.46,2.94,0.76,8.09,27.91,1.259020063,9.430992877,10.69001294
2019-05-21,0.85781,4,4,R,28.95,30.98,-0.17,0,1.04,3.1,3.28,0.58,9.33,27.91,1.21238969,10.87653443,12.08892412
2019-05-21,0.85781,4,4,L,28.83,31.49,-0.14,0,0.92,2.59,2.97,0.63,8.47,27.91,1.072498572,9.873981418,10.94647999
2019-05-21,0.85781,3,3,L,28.9,32.38,-0.12,0,0.99,1.69,2.23,0.68,6.21,27.91,1.154101724,7.239365361,8.393467085
2019-05-21,0.85781,2,2,L,29.07,31.65,-0.13,0,1.17,2.43,2.89,0.7,7.77,27.91,1.363938401,9.057949896,10.4218883
2019-05-21,0.85781,1,1,L,28.24,31.02,-0.32,0,0.34,3.06,2.94,0.61,9.58,27.91,0.396358168,11.16797426,11.56433243
2019-05-21,1.23375,1,1,R,29.28,32.54,-0.07,0,1.38,1.53,2.32,0.48,5.72,27.91,1.118541033,4.63627153,5.754812563
2019-05-21,1.23375,2,2,R,29.49,33.93,-0.03,0,1.58,0.14,0.39,0.61,0.51,27.91,1.28064843,0.41337386,1.69402229
2019-05-21,1.23375,3,3,R,29.35,32.79,-0.04,0,1.45,1.29,2.27,0.54,5.42,27.91,1.175278622,4.393110436,5.568389058
2019-05-21,1.23375,4,4,R,29.23,31.79,-0.1,0,1.33,2.28,2.85,0.49,7.53,27.91,1.078014184,6.103343465,7.181357649
2019-05-21,1.23375,4,4,L,29.2,32.23,-0.1,0,1.3,1.84,2.55,0.57,6.51,27.91,1.053698075,5.276595745,6.33029382
2019-05-21,1.23375,3,3,L,29.19,32.12,-0.11,0,1.28,1.95,2.58,0.52,6.75,27.91,1.037487335,5.47112462,6.508611955
2019-05-21,1.23375,2,2,L,29.43,30.04,-0.02,0,1.53,4.04,4.69,0.44,11.45,27.91,1.240121581,9.28064843,10.52077001
2019-05-21,1.23375,1,1,L,29.33,31.73,-0.07,0,1.42,2.35,3.01,0.46,7.79,27.91,1.150962513,6.31408308,7.465045593
2019-05-21,4.04231,1,1,R,31.93,31.36,0.6,0,4.02,2.72,4.88,0.81,8.78,27.91,0.994480879,2.172025401,3.16650628
2019-05-21,4.04231,2,2,R,31.89,32.59,0.65,0,3.99,1.48,3.41,0.13,5.26,27.91,0.987059379,1.301236174,2.288295554
2019-05-21,4.04231,3,3,R,31.81,32.62,0.47,0,3.9,1.46,3.23,0.34,4.57,27.91,0.964794882,1.130541695,2.095336577
2019-05-21,4.04231,4,4,R,31.3,31.96,0.48,0,3.39,2.12,3.36,0.39,6.76,27.91,0.838629398,1.672311129,2.510940527
2019-05-21,4.04231,4,4,L,33.1,28.99,0.84,0,5.2,5.08,7.69,0.32,12.82,27.91,1.286393176,3.171453946,4.457847122
2019-05-21,4.04231,3,3,L,31.41,32.69,0.51,0,3.5,1.38,2.78,0.17,4.37,27.91,0.865841561,1.081065035,1.946906595
2019-05-21,4.04231,2,2,L,31.62,32.32,0.64,0,3.72,1.76,3.07,0.22,5.33,27.91,0.920265888,1.318553006,2.238818893
2019-05-21,4.04231,1,1,L,31.83,31.81,0.49,0,3.92,2.27,3.63,0.4,6.44,27.91,0.969742548,1.593148472,2.56289102
2019-05-21,0.85351,1,1,R,28.73,32.65,-0.24,0,0.82,1.42,1.96,0.65,5.18,27.91,0.960738597,6.069056016,7.029794613
2019-05-21,0.85351,2,2,R,28.84,32.95,-0.19,0,0.93,1.13,2.25,0.81,4.78,27.91,1.089618165,5.600403042,6.690021207
2019-05-21,0.85351,3,3,R,28.5,34.17,-0.35,0,0.6,-0.09,0.71,0.65,0.92,27.91,0.702979461,1.077901841,1.780881302
2019-05-21,0.85351,4,4,R,29.09,33.1,-0.1,0,1.19,0.98,1.96,0.63,4.13,27.91,1.394242598,4.838841959,6.233084557
2019-05-21,0.85351,4,4,L,29.19,33.35,-0.09,0,1.28,0.73,1.83,0.58,3.55,27.91,1.499689517,4.159295146,5.658984663
2019-05-21,0.85351,3,3,L,28.55,32.91,-0.2,0,0.65,1.17,2.1,0.75,5.45,27.91,0.761561083,6.385396773,7.146957856
2019-05-21,0.85351,2,2,L,28.84,33.36,-0.19,0,0.94,0.72,1.53,0.64,3.07,27.91,1.101334489,3.596911577,4.698246066
2019-05-21,0.85351,1,1,L,28.35,33.21,-0.17,0,0.45,0.87,1.82,0.74,4.67,27.91,0.527234596,5.471523474,5.99875807
2019-05-21,0.23659,1,1,R,27.94,32.79,-0.41,0,0.03,1.28,1.47,0.94,4.72,27.91,0.12680164,19.95012469,20.07692633
2019-05-21,0.23659,3,3,R,28.32,33.06,-0.31,0,0.42,1.02,1.53,0.87,3.94,27.91,1.77522296,16.65328205,18.42850501
2019-05-21,0.23659,3,3,L,28.19,34.33,-0.37,0,0.28,-0.25,1.21,0.91,2.35,27.91,1.183481973,9.932795131,11.1162771
2019-05-21,0.27777,2,2,R,28.51,32.06,-0.28,0,0.6,2.02,2.46,1.06,7.19,27.91,2.160060482,25.88472477,28.04478525
2019-05-21,0.27777,3,3,R,28.26,31.91,-0.29,0,0.35,2.16,2.46,1.08,7.68,27.91,1.260035281,27.64877417,28.90880945
2019-05-21,0.27777,4,4,R,28.15,31.15,-0.3,0,0.24,2.93,2.93,1.14,9.41,27.91,0.864024193,33.87694855,34.74097275
2019-05-21,0.27777,4,4,L,28.26,32.02,-0.35,0,0.36,2.06,2.37,1.07,7.38,27.91,1.296036289,26.56874392,27.86478021
2019-05-21,0.27777,3,3,L,28.36,32.61,-0.34,0,0.45,1.47,2.05,1.11,5.89,27.91,1.620045361,21.20459373,22.82463909
2019-05-21,0.27777,2,2,L,28.77,31.51,-0.22,0,0.86,2.56,3.05,1.1,8.57,27.91,3.09608669,30.85286388,33.94895057
2019-05-21,0.27777,1,1,L,28.56,32.53,-0.23,0,0.65,1.55,2.14,1,5.7,27.91,2.340065522,20.52057458,22.8606401
2019-05-21,3.63384,1,1,R,31.65,34.09,0.58,0,3.74,-0.02,1.59,0.57,0.25,27.91,1.029214275,0.068797746,1.09801202
2019-05-21,3.63384,2,2,R,31.71,33.92,0.62,0,3.8,0.15,1.75,0.43,0.61,27.91,1.045725734,0.167866499,1.213592233
2019-05-21,3.63384,3,3,R,31.02,32.94,0.21,0,3.12,1.14,2.49,0.6,3.68,27.91,0.858595866,1.012702816,1.871298681
2019-05-21,3.63384,4,4,R,31.07,33.05,0.4,0,3.17,1.03,2.59,0.46,3.67,27.91,0.872355415,1.009950906,1.882306321
2019-05-21,3.63384,4,4,L,31.93,33.12,0.56,0,4.02,0.96,2.64,0.21,2.75,27.91,1.10626775,0.756775202,1.863042952
2019-05-21,3.63384,3,3,L,32.12,32.63,0.78,0,4.22,1.44,3.84,0.24,5.64,27.91,1.161305946,1.552077142,2.713383088
2019-05-21,3.63384,2,2,L,31.63,33.31,0.59,0,3.72,0.77,2.8,0.21,2.75,27.91,1.023710455,0.756775202,1.780485657
2019-05-21,3.63384,1,1,L,31.59,33.06,0.49,0,3.69,1.01,2.72,0.19,3.25,27.91,1.015454726,0.894370693,1.909825419
2019-05-21,3.51129,1,1,R,32.17,33.55,0.72,0,4.27,0.52,2.91,0.36,2.5,27.91,1.216077282,0.711989041,1.928066323
2019-05-21,3.51129,2,2,R,32,32.9,0.68,0,4.1,1.18,2.89,0.18,3.55,27.91,1.167662027,1.011024438,2.178686466
2019-05-21,3.51129,3,3,R,30.31,32.17,0.26,0,2.4,1.91,2.82,0.35,6,27.91,0.683509479,1.708773699,2.392283178
2019-05-21,3.51129,4,4,R,31.55,33.23,0.51,0,3.65,0.85,2.28,0.15,2.72,27.91,1.039504,0.774644077,1.814148077
2019-05-21,3.51129,4,4,L,30.95,31.6,0.4,0,3.05,2.47,3.54,0.22,7.15,27.91,0.86862663,2.036288657,2.904915288
2019-05-21,3.51129,3,3,L,30.49,32.69,0.25,0,2.59,1.39,2.72,0.31,5.49,27.91,0.737620647,1.563527934,2.301148581
2019-05-21,3.51129,2,2,L,31.12,34.04,0.27,0,3.21,0.04,1.29,0.59,0.34,27.91,0.914193929,0.09683051,1.011024438
2019-05-21,3.51129,1,1,L,30.52,33.29,0.25,0,2.61,0.79,1.97,0.46,2.78,27.91,0.743316559,0.791731814,1.535048373
2019-05-21,1.49145,1,1,R,29.56,32.28,0,0,1.66,1.79,2.77,0.5,6.21,27.91,1.113010828,4.16373328,5.276744108
2019-05-21,1.49145,2,2,R,28.83,32.87,-0.15,0,0.92,1.21,1.83,0.55,4.28,27.91,0.616849375,2.86969057,3.486539944
2019-05-21,1.49145,3,3,R,29.12,33.01,-0.09,0,1.22,1.07,1.99,0.55,5.37,27.91,0.81799591,3.600522981,4.418518891
2019-05-21,1.49145,4,4,R,29.53,33.14,-0.01,0,1.63,0.94,2.34,0.42,4.89,27.91,1.092896175,3.278688525,4.371584699
2019-05-21,1.49145,4,4,L,30.01,31.86,0.12,0,2.11,2.21,3.3,0.53,7.46,27.91,1.414730631,5.001843843,6.416574475
2019-05-21,1.49145,3,3,L,28.32,33.09,-0.28,0,0.42,0.99,1.57,0.55,3.58,27.91,0.281605149,2.400348654,2.681953803
2019-05-21,1.49145,2,2,L,28.93,32.89,-0.18,0,1.03,1.19,1.91,0.51,4.87,27.91,0.690603104,3.265278756,3.95588186
2019-05-21,1.49145,1,1,L,29.01,32.94,-0.13,0,1.11,1.14,2.07,0.47,4.33,27.91,0.74424218,2.903214992,3.647457173
2019-05-22,0.71483,1,1,R,28.27,32.96,-0.37,0,0.36,1.11,1.45,0.73,3.93,27.91,0.503616244,5.497810668,6.001426913
2019-05-22,0.71483,2,2,R,28.03,30.53,-0.41,0,0.13,3.55,2.93,0.87,10.03,27.91,0.181861422,14.03130814,14.21316956
2019-05-22,0.71483,3,3,R,29.03,31.55,-0.15,0,1.13,2.53,3.07,0.68,8.17,27.91,1.580795434,11.42929088,13.01008631
2019-05-22,0.71483,4,4,R,29.2,30.21,-0.12,0,1.3,3.86,4.04,0.82,10.56,27.91,1.818614216,14.77274317,16.59135739
2019-05-22,0.71483,4,4,L,29,32.33,-0.13,0,1.1,1.75,2.35,0.81,6.16,27.91,1.538827414,8.617433516,10.15626093
2019-05-22,0.71483,3,3,L,28.85,32.61,-0.19,0,0.95,1.47,2.19,0.71,5.68,27.91,1.328987312,7.94594519,9.274932501
2019-05-22,0.71483,2,2,L,28.46,31.27,-0.27,0,0.56,2.81,2.89,0.83,8.86,27.91,0.783403047,12.39455535,13.1779584
2019-05-22,0.71483,1,1,L,28.2,32.4,-0.29,0,0.3,1.67,1.9,0.7,6.37,27.91,0.419680204,8.911209658,9.330889862
2019-05-22,2.78792,1,1,R,30.91,31.46,0.34,0,3.01,2.62,3.76,0.36,7.66,27.91,1.079657953,2.747568079,3.827226032
2019-05-22,2.78792,2,2,R,31.11,28.73,0.37,0,3.2,5.34,6.53,0.26,12.82,27.91,1.147809119,4.598410284,5.746219404
2019-05-22,2.78792,3,3,R,30.85,29.81,0.26,0,2.95,4.26,5.48,0.34,11.27,27.91,1.058136532,4.042440242,5.100576774
2019-05-22,2.78792,4,4,R,30.91,32.75,0.38,0,3.01,1.32,2.59,0.42,4.63,27.91,1.079657953,1.66073632,2.740394272
2019-05-22,2.78792,4,4,L,31.07,31.38,0.39,0,3.16,2.69,4.38,0.21,8.63,27.91,1.133461505,3.095497719,4.228959224
2019-05-22,2.78792,3,3,L,30.41,33.29,0.24,0,2.5,0.79,2.02,0.44,3.03,27.91,0.896725874,1.08683176,1.983557634
2019-05-22,2.78792,2,2,L,31.08,33.34,0.34,0,3.18,0.73,2.31,0.51,2.65,27.91,1.140635312,0.950529427,2.091164739
2019-05-22,2.78792,1,1,L,31.34,31.92,0.47,0,3.44,2.16,3.58,0.14,6.21,27.91,1.233894803,2.227467072,3.461361876
2019-05-22,0.22687,2,2,R,28.71,32.67,-0.12,0,0.81,1.4,1.8,1.01,5.09,27.91,3.570326619,22.43575616,26.00608278
2019-05-22,0.22687,3,3,R,28.02,31.48,-0.44,0,0.11,2.6,2.48,1.01,8.33,27.91,0.48485917,36.71706263,37.20192181
2019-05-22,0.22687,4,4,R,28.75,32.32,-0.16,0,0.84,1.76,2.36,0.95,6.3,27.91,3.702560938,27.76920703,31.47176797
2019-05-22,0.22687,4,4,L,28.59,32.7,-0.24,0,0.69,1.37,1.98,0.9,5.34,27.91,3.041389342,23.53770882,26.57909816
2019-05-22,0.22687,3,3,L,27.93,32.79,-0.44,0,0.02,1.29,1.58,1.03,5.09,27.91,0.088156213,22.43575616,22.52391237
2019-05-22,0.22687,2,2,L,28.25,31.49,-0.41,0,0.34,2.59,2.67,1,8.44,27.91,1.498655618,37.20192181,38.70057742
2019-05-22,0.22687,1,1,L,28.52,32.13,-0.29,0,0.61,1.95,2.37,0.95,6.33,27.91,2.688764491,27.90144135,30.59020584
2019-05-22,7.67248,1,1,R,37.47,24.87,2.14,0,9.56,9.21,0,0.63,16.5,27.91,1.24601172,2.15054324,3.39655496
2019-05-22,7.67248,2,2,R,35.69,27.25,1.51,0,7.79,6.83,9.95,0.81,14.27,27.91,1.015317081,1.859894063,2.875211144
2019-05-22,7.67248,3,3,R,36.35,24.14,1.76,0,8.45,9.93,0,0.65,16.99,27.91,1.101338811,2.214407858,3.315746669
2019-05-22,7.67248,4,4,R,36.64,26.81,1.78,0,8.73,7.27,10.86,0.6,14.22,27.91,1.137832878,1.853377265,2.991210143
2019-05-22,7.67248,4,4,L,37.04,24.74,2.03,0,9.13,9.34,0,0.74,16.5,27.91,1.18996726,2.15054324,3.3405105
2019-05-22,7.67248,3,3,L,35.85,27.48,1.63,0,7.95,6.6,10.02,0.6,13.95,27.91,1.036170834,1.818186558,2.854357392
2019-05-22,7.67248,2,2,L,35.31,29.05,1.49,0,7.4,5.03,8.24,0.67,12.21,27.91,0.964486059,1.591401998,2.555888057
2019-05-22,7.67248,1,1,L,36.29,21.87,2.04,0,8.38,12.21,0,0.61,17.8,27.91,1.092215294,2.31997998,3.412195275
2019-05-22,0.21447,1,1,R,28.37,32.87,-0.3,0,0.47,1.21,1.6,1.03,4.24,27.91,2.191448687,19.76966475,21.96111344
2019-05-22,0.21447,4,4,R,28.24,31.58,-0.33,0,0.34,2.5,2.41,1.04,8.3,27.91,1.585303306,38.70005129,40.2853546
2019-05-22,0.21447,3,3,L,28.05,32.64,-0.4,0,0.14,1.44,1.68,0.96,5.39,27.91,0.652771949,25.13172005,25.784492
2019-05-22,0.21447,2,2,L,28.28,32.5,-0.26,0,0.38,1.58,1.91,0.99,5.93,27.91,1.771809577,27.64955472,29.42136429
2019-05-22,0.93258,1,1,R,28.79,33.08,-0.22,0,0.89,0.99,1.62,0.61,3.86,27.91,0.954341719,4.139055094,5.093396813
2019-05-22,0.93258,2,2,R,28.68,31.36,-0.22,0,0.77,2.71,2.81,0.68,8.43,27.91,0.825666431,9.039438976,9.865105407
2019-05-22,0.93258,3,3,R,29.17,31.72,-0.1,0,1.27,2.36,2.88,0.7,7.92,27.91,1.361813464,8.492569002,9.854382466
2019-05-22,0.93258,4,4,R,29.33,31.04,-0.05,0,1.43,3.04,3.48,0.66,9.17,27.91,1.533380514,9.832936585,11.3663171
2019-05-22,0.93258,4,4,L,29.43,31.09,-0.03,0,1.53,2.99,3.46,0.76,8.79,27.91,1.640609921,9.425464839,11.06607476
2019-05-22,0.93258,3,3,L,29.04,33.05,-0.11,0,1.13,1.03,1.79,0.7,4.05,27.91,1.211692294,4.342790967,5.554483261
2019-05-22,0.93258,2,2,L,28.75,32.17,-0.2,0,0.85,1.91,2.37,0.61,6.39,27.91,0.911449956,6.851959081,7.763409037
2019-05-22,0.93258,1,1,L,28.75,32.6,-0.21,0,0.85,1.48,1.98,0.53,5.45,27.91,0.911449956,5.844002659,6.755452615
2019-05-22,2.24498,1,1,R,30.4,32.74,0.21,0,2.5,1.33,2.52,0.57,4.55,27.91,1.113595667,2.026744114,3.14033978
2019-05-22,2.24498,2,2,R,30.07,31.67,0.11,0,2.16,2.41,3.13,0.29,7.65,27.91,0.962146656,3.40760274,4.369749396
2019-05-22,2.24498,3,3,R,30.25,32.62,0.16,0,2.34,1.46,2.6,0.41,5.34,27.91,1.042325544,2.378640344,3.420965888
2019-05-22,2.24498,4,4,R,30.22,31.66,0.18,0,2.31,2.41,3.12,0.27,7.34,27.91,1.028962396,3.269516878,4.298479274
2019-05-22,2.24498,4,4,L,30.62,32.11,0.24,0,2.71,1.97,3,0.35,6.36,27.91,1.207137703,2.832987376,4.040125079
2019-05-22,2.24498,3,3,L,30.36,32.56,0.26,0,2.45,1.52,3.02,0.43,5.5,27.91,1.091323753,2.449910467,3.54123422
2019-05-22,2.24498,2,2,L,30.57,31.73,0.23,0,2.66,2.35,3.74,0.32,8.1,27.91,1.184865789,3.60804996,4.79291575
2019-05-22,2.24498,1,1,L,30.15,31.93,0.09,0,2.25,2.15,3.18,0.26,7.31,27.91,1.0022361,3.25615373,4.25838983
2019-05-23,1.73162,1,1,R,30.03,32.74,0.08,0,2.12,1.34,2.59,0.48,5.32,27.91,1.224287084,3.072267588,4.296554671
2019-05-23,1.73162,2,2,R,29.52,32.25,-0.01,0,1.61,1.83,2.51,0.39,6.77,27.91,0.929765191,3.909633753,4.839398944
2019-05-23,1.73162,3,3,R,29.72,32,0.03,0,1.82,2.07,2.97,0.31,7.11,27.91,1.051038912,4.105981682,5.157020593
2019-05-23,1.73162,4,4,R,29.45,31.29,-0.03,0,1.54,2.79,3.3,0.42,8.48,27.91,0.889340617,4.897148335,5.786488953
2019-05-23,1.73162,4,4,L,29.73,31.61,0.04,0,1.83,2.47,3.29,0.37,8.25,27.91,1.056813851,4.764324736,5.821138587
2019-05-23,1.73162,3,3,L,29.47,32.94,-0.02,0,1.56,1.14,2.12,0.38,4.12,27.91,0.900890496,2.379274899,3.280165394
2019-05-23,1.73162,2,2,L,29.6,31.5,0.01,0,1.7,2.57,3.09,0.44,7.88,27.91,0.981739643,4.550651991,5.532391633
2019-05-23,1.73162,1,1,L,29.49,32.57,-0.02,0,1.58,1.51,2.27,0.31,5.28,27.91,0.912440374,3.049167831,3.961608205
2019-05-23,0.33772,2,2,L,29.12,32.2,-0.06,0,1.21,1.88,2.86,1.02,7.22,27.91,3.582849698,21.37865688,24.96150657
2019-05-23,0.33772,1,1,L,29.15,32.55,-0.14,0,1.25,1.53,2.44,1.1,5.45,27.91,3.70129101,16.1376288,19.83891982
2019-05-23,2.39446,1,1,R,30.71,34.88,0.31,0,2.8,-0.81,1.5,0.61,1.69,27.91,1.169365953,0.705795879,1.875161832
2019-05-23,2.39446,2,2,R,30.14,33.13,0.08,0,2.23,0.95,2.27,0.39,4.02,27.91,0.931316455,1.678875404,2.61019186
2019-05-23,2.39446,3,3,R,30.46,33.21,0.26,0,2.55,0.87,1.95,0.26,2.91,27.91,1.064958279,1.21530533,2.280263608
2019-05-23,2.39446,4,4,R,30.08,33.88,0.11,0,2.17,0.2,1.51,0.3,1.54,27.91,0.906258614,0.643151274,1.549409888
2019-05-23,2.39446,4,4,L,30.56,32.55,0.26,0,2.66,1.53,2.78,0.34,5.2,27.91,1.110897655,2.171679627,3.282577283
2019-05-23,2.39446,3,3,L,29.93,34.03,0.11,0,2.03,0.04,1.32,0.37,1.01,27.91,0.847790316,0.421807005,1.26959732
2019-05-23,2.39446,2,2,L,30.36,31.97,0.19,0,2.46,2.11,2.97,0.17,6.76,27.91,1.027371516,2.823183515,3.850555031
2019-05-23,2.39446,1,1,L,30.63,33.16,0.23,0,2.72,0.91,2.34,0.26,3.4,27.91,1.135955497,1.419944372,2.555899869
2019-05-23,1.47103,1,1,R,29.29,32.58,-0.04,0,1.39,1.49,2.24,0.47,5.32,27.91,0.944916147,3.616513599,4.561429747
2019-05-23,1.47103,2,2,R,29.9,33.06,0.08,0,2,1.02,2.56,0.56,4.51,27.91,1.359591579,3.06587901,4.425470589
2019-05-23,1.47103,3,3,R,29.27,31.94,-0.03,0,1.37,2.14,3.39,0.49,8.6,27.91,0.931320231,5.846243788,6.77756402
2019-05-23,1.47103,4,4,R,28.74,32.64,-0.29,0,0.84,1.43,1.86,0.4,5.46,27.91,0.571028463,3.71168501,4.282713473
2019-05-23,1.47103,4,4,L,29.26,32.35,-0.07,0,1.36,1.73,2.3,0.44,6.13,27.91,0.924522274,4.167148189,5.091670462
2019-05-23,1.47103,3,3,L,28.64,33.16,-0.27,0,0.74,0.92,1.35,0.43,3.68,27.91,0.503048884,2.501648505,3.004697389
2019-05-23,1.47103,2,2,L,29.38,32,-0.06,0,1.47,2.07,2.69,0.5,6.8,27.91,0.99929981,4.622611368,5.621911178
2019-05-23,1.47103,1,1,L,29.61,32.85,0.01,0,1.71,1.23,2.13,0.41,4.37,27.91,1.1624508,2.970707599,4.133158399
2019-05-23,3.15655,1,1,R,33.07,26.98,0.86,0,5.17,7.1,9.21,0.56,14.97,27.91,1.637864124,4.742519523,6.380383647
2019-05-23,3.15655,2,2,R,31.07,29.28,0.23,0,3.17,4.8,5.79,0.57,11.92,27.91,1.004260981,3.77627473,4.780535711
2019-05-23,3.15655,3,3,R,31.54,31.41,0.43,0,3.64,2.67,4.99,0.8,9.47,27.91,1.15315772,3.000110881,4.1532686
2019-05-23,3.15655,4,4,R,32.98,29.61,0.5,0,5.07,4.47,6.84,0.41,11.6,27.91,1.606183967,3.674898227,5.281082194
2019-05-23,3.15655,4,4,L,33.31,26.96,1.04,0,5.4,7.12,8.94,0.95,14.34,27.91,1.710728485,4.542934533,6.253663018
2019-05-23,3.15655,3,3,L,31.9,25.78,0.55,0,4,8.3,9.22,0.42,15.87,27.91,1.267206285,5.027640937,6.294847222
2019-05-23,3.15655,2,2,L,31.5,27.26,0.55,0,3.6,6.82,7.88,0.78,14.52,27.91,1.140485657,4.599958816,5.740444473
2019-05-23,3.15655,1,1,L,32.69,26.28,0.6,0,4.79,7.79,9.11,0.7,14.97,27.91,1.517479527,4.742519523,6.25999905
2019-05-23,1.2168,1,1,R,29.49,33.27,-0.01,0,1.59,0.8,2.15,0.47,4.2,27.91,1.306706114,3.451676529,4.758382643
2019-05-23,1.2168,2,2,R,29.7,33.14,0.02,0,1.8,0.94,2.14,0.65,3.66,27.91,1.479289941,3.007889546,4.487179487
2019-05-23,1.2168,3,3,R,29.27,32.23,-0.06,0,1.37,1.84,3.1,0.56,8.09,27.91,1.125904011,6.648586456,7.774490467
2019-05-23,1.2168,4,4,R,29.46,32.55,-0.02,0,1.55,1.52,2.2,0.58,5.54,27.91,1.273833005,4.552925707,5.826758711
2019-05-23,1.2168,4,4,L,29.26,32.42,-0.06,0,1.35,1.66,2.31,0.53,6.18,27.91,1.109467456,5.078895464,6.188362919
2019-05-23,1.2168,3,3,L,29.83,32.3,0.08,0,1.92,1.78,2.62,0.64,6.03,27.91,1.57790927,4.955621302,6.533530572
2019-05-23,1.2168,2,2,L,29.6,31.65,0.01,0,1.69,2.42,3,0.69,7.27,27.91,1.388888889,5.974687705,7.363576594
2019-05-23,1.2168,1,1,L,29.22,34.23,-0.1,0,1.31,-0.15,1.18,0.54,1.05,27.91,1.076594346,0.862919132,1.939513478
2019-05-23,3.41814,1,1,R,31.64,33.2,0.62,0,3.74,0.88,2.76,0.55,3.54,27.91,1.094162322,1.035650968,2.12981329
2019-05-23,3.41814,2,2,R,31.51,33.23,0.66,0,3.6,0.84,2.6,0.33,2.8,27.91,1.053204374,0.819158958,1.872363332
2019-05-23,3.41814,3,3,R,31.43,34.34,0.43,0,3.52,-0.27,1.61,0.24,0.08,27.91,1.029799833,0.023404542,1.053204374
2019-05-23,3.41814,4,4,R,31.5,34.69,0.53,0,3.59,-0.62,1.21,0.43,0.12,27.91,1.050278807,0.035106812,1.085385619
2019-05-23,3.41814,4,4,L,32.48,32.96,0.47,0,4.57,1.12,4.99,0.24,4.25,27.91,1.336984442,1.243366275,2.580350717
2019-05-23,3.41814,3,3,L,32.22,34.99,0.93,0,4.32,-0.91,1.03,0.19,0.08,27.91,1.263845249,0.023404542,1.287249791
2019-05-23,3.41814,2,2,L,32.39,33.63,0.81,0,4.49,0.45,2.19,0.17,1.46,27.91,1.3135799,0.427132885,1.740712785
2019-05-23,3.41814,1,1,L,32.04,33.55,0.64,0,4.14,0.53,2.85,0.29,2.4,27.91,1.21118503,0.70213625,1.91332128
2019-05-23,1.25367,1,1,R,29.16,33.38,-0.05,0,1.26,0.69,1.88,0.62,4.23,27.91,1.005049176,3.374093661,4.379142837
2019-05-23,1.25367,2,2,R,28.46,32.56,-0.34,0,0.56,1.52,2.24,0.61,6.98,27.91,0.446688522,5.56765337,6.014341892
2019-05-23,1.25367,3,3,R,29.02,33.92,-0.35,0,1.11,0.16,1.2,0.59,1.26,27.91,0.885400464,1.005049176,1.89044964
2019-05-23,1.25367,4,4,R,29.15,32,-0.1,0,1.24,2.08,2.73,0.57,7.29,27.91,0.989096014,5.814927373,6.804023387
2019-05-23,1.25367,4,4,L,29.13,31.8,-0.14,0,1.23,2.27,2.86,0.54,7.6,27.91,0.981119433,6.062201377,7.04332081
2019-05-23,1.25367,3,3,L,29.24,31.65,-0.09,0,1.34,2.42,2.89,0.69,7.86,27.91,1.068861822,6.269592476,7.338454298
2019-05-23,1.25367,2,2,L,28.57,31.7,-0.27,0,0.67,2.38,2.45,0.6,7.84,27.91,0.534430911,6.253639315,6.788070226
2019-05-23,1.25367,1,1,L,29.26,31.76,-0.09,0,1.35,2.32,2.87,0.57,7.43,27.91,1.076838402,5.926599504,7.003437906
2019-05-23,1.80093,1,1,R,29.73,32.4,0.02,0,1.82,1.68,3.2,0.52,7.33,27.91,1.010588973,4.070119327,5.080708301
2019-05-23,1.80093,2,2,R,29.39,31.97,-0.03,0,1.48,2.11,3.13,0.42,7.99,27.91,0.821797627,4.436596647,5.258394274
2019-05-23,1.80093,3,3,R,29.24,32.07,-0.05,0,1.34,2.01,2.46,0.42,6.8,27.91,0.744060013,3.775826934,4.519886947
2019-05-23,1.80093,4,4,R,29.56,31.88,0,0,1.66,2.19,3.04,0.46,7.51,27.91,0.921745987,4.170067687,5.091813674
2019-05-23,1.80093,4,4,L,29.45,32.18,-0.02,0,1.55,1.89,3.35,0.48,8.41,27.91,0.860666433,4.669809487,5.530475921
2019-05-23,1.80093,3,3,L,29.26,31.1,-0.04,0,1.36,2.98,3.42,0.43,9.41,27.91,0.755165387,5.225078154,5.980243541
2019-05-23,1.80093,2,2,L,29.55,30.87,0,0,1.65,3.21,3.67,0.5,9.1,27.91,0.9161933,5.052944867,5.969138168
2019-05-23,1.80093,1,1,L,29.57,31.42,0,0,1.67,2.66,3.21,0.46,8.23,27.91,0.927298673,4.569861127,5.497159801
2019-05-23,2.25503,4,4,R,30.12,32.64,0.11,0,2.22,1.44,2.46,0.2,4.31,27.91,0.984465839,1.911282777,2.895748615
2019-05-23,2.25503,4,4,L,30.26,31.97,0.17,0,2.36,2.11,3,0.51,2.39,27.91,1.04654927,1.059852862,2.106402132
2019-05-23,2.25503,1,1,R,30.03,32.86,0.05,0,2.13,1.22,1.95,0.43,5.4,27.91,0.944555061,2.394646634,3.339201696
2019-05-23,2.25503,2,2,R,30.13,33.31,0.16,0,2.23,0.77,2.11,0.19,4.7,27.91,0.988900369,2.084229478,3.073129847
2019-05-23,2.25503,3,3,R,30.1,32.5,0.1,0,2.19,1.58,2.43,0.38,6.48,27.91,0.971162246,2.873575961,3.844738207
2019-05-23,2.25503,3,3,L,30.05,32.07,0.07,0,2.15,2.01,3.07,0.46,7.45,27.91,0.953424123,3.303725449,4.257149572
2019-05-23,2.25503,2,2,L,29.79,32.47,0.07,0,1.89,1.61,2.34,0.54,5.67,27.91,0.838126322,2.514378966,3.352505288
2019-05-23,2.25503,1,1,L,29.67,32.75,0.02,0,1.76,1.33,2.22,0.36,5.2,27.91,0.780477422,2.305956018,3.08643344
2019-05-23,2.96892,1,1,R,31.24,34.63,0.9,0,3.34,-0.55,1.76,0.36,0.19,27.91,1.124988211,0.063996335,1.188984547
2019-05-23,2.96892,2,2,R,31.23,32.98,0.3,0,3.33,1.1,3.09,0.14,4.44,27.91,1.121619983,1.495493311,2.617113294
2019-05-23,2.96892,3,3,R,30.41,33.14,0.17,0,2.51,0.94,2.87,0.77,4.87,27.91,0.845425272,1.640327122,2.485752395
2019-05-23,2.96892,4,4,R,30.83,32.82,0.47,0,2.92,1.25,2.85,0.33,5.35,27.91,0.983522628,1.802002075,2.785524703
2019-05-23,2.96892,4,4,L,31.31,31.85,0.6,0,3.41,2.22,3.97,0.15,7.15,27.91,1.148565808,2.408283147,3.556848955
2019-05-23,2.96892,3,3,L,33.88,28.22,1.16,0,5.98,5.86,9.05,0.68,14.31,27.91,2.01420045,4.819934522,6.834134972
2019-05-23,2.96892,2,2,L,31.23,32.39,0.4,0,3.33,1.68,3.01,0.21,5.39,27.91,1.121619983,1.815474988,2.937094971
2019-05-23,2.96892,1,1,L,31.32,31.85,0.54,0,3.42,2.22,3.98,0.27,7.27,27.91,1.151934037,2.448701885,3.600635921
2019-05-23,0.36531,1,1,R,28.49,33.19,-0.23,0,0.58,0.88,1.8,0.94,4.64,27.91,1.587692645,12.70154116,14.2892338
2019-05-23,0.36531,2,2,R,28.39,33.5,-0.3,0,0.48,0.57,1.33,1.11,3.02,27.91,1.313952533,8.266951356,9.58090389
2019-05-23,0.36531,3,3,R,27.93,32.15,-0.48,0,0.03,1.92,2.25,1.11,7.27,27.91,0.082122033,19.90090608,19.98302811
2019-05-23,0.36531,4,4,R,28.04,33,-0.38,0,0.14,1.07,1.53,1.05,4.79,27.91,0.383236156,13.11215132,13.49538748
2019-05-23,0.36531,4,4,L,28.46,32.1,-0.27,0,0.55,1.98,2.36,1.04,6.71,27.91,1.505570611,18.36796146,19.87353207
2019-05-23,0.36531,3,3,L,27.93,32.25,-0.4,0,0.03,1.83,2.03,1.12,6.96,27.91,0.082122033,19.05231174,19.13443377
2019-05-23,0.36531,1,1,L,28.88,33.77,-0.16,0,0.98,0.31,1.29,0.95,1.7,27.91,2.682653089,4.653581889,7.336234979
2019-05-23,1.17442,1,1,R,29.42,32.66,-0.03,0,1.52,1.42,2.71,0.48,6.31,27.91,1.294255888,5.372864904,6.667120792
2019-05-23,1.17442,2,2,R,28.86,32.79,-0.17,0,0.96,1.29,2.11,0.52,4.79,27.91,0.817424771,4.078609016,4.896033787
2019-05-23,1.17442,3,3,R,28.97,30.6,-0.13,0,1.06,3.48,3.47,0.45,9.71,27.91,0.902573185,8.267910969,9.170484154
2019-05-23,1.17442,4,4,R,29.69,33.87,0.03,0,1.79,0.21,1.55,0.41,1.36,27.91,1.524156605,1.158018426,2.682175031
2019-05-23,1.17442,4,4,L,28.46,31.47,-0.31,0,0.56,2.61,2.68,0.34,7.86,27.91,0.476831117,6.692665316,7.169496432
2019-05-23,1.17442,3,3,L,29.34,31.74,-0.07,0,1.43,2.34,3.04,0.53,7.04,27.91,1.217622316,5.994448323,7.212070639
2019-05-23,1.17442,2,2,L,29.2,32.17,-0.09,0,1.3,1.9,2.59,0.48,6.37,27.91,1.106929378,5.423953952,6.53088333
2019-05-23,1.17442,1,1,L,28.96,32.42,-0.16,0,1.06,1.66,2.09,0.55,6.18,27.91,0.902573185,5.262171966,6.164745151
2019-05-24,8.00964,1,1,R,35.86,26.16,1.78,0,7.95,7.92,11.08,0.52,15.06,27.91,0.992553972,1.880234318,2.87278829
2019-05-24,8.00964,2,2,R,35.7,30.85,1.78,0,7.79,3.23,6.5,0.45,9.33,27.91,0.972578043,1.16484636,2.137424404
2019-05-24,8.00964,3,3,R,36.67,23.54,1.96,0,8.76,10.54,0,0.58,16.98,27.91,1.093682113,2.119945466,3.213627579
2019-05-24,8.00964,4,4,R,34.58,27.49,1.11,0,6.68,6.59,9.76,0.52,14.48,27.91,0.833995036,1.807821575,2.641816611
2019-05-24,8.00964,4,4,L,34.39,28.36,1.05,0,6.48,5.72,9.06,0.32,13.86,27.91,0.809025125,1.73041485,2.539439975
2019-05-24,8.00964,3,3,L,37.57,23.15,2.37,0,9.67,10.93,0,0.18,17.52,27.91,1.207295209,2.187364226,3.394659435
2019-05-24,8.00964,2,2,L,36.31,29.22,2.03,0,8.4,4.86,8.5,0.86,13.29,27.91,1.048736273,1.659250603,2.707986876
2019-05-24,8.00964,1,1,L,36.28,22.08,1.92,0,8.38,12,0,0.49,18.32,27.91,1.046239282,2.287243871,3.333483153
2019-05-24,2.83051,1,1,R,31.2,33.36,0.32,0,3.3,0.72,2.16,0.31,2.53,27.91,1.165867635,0.893831854,2.059699489
2019-05-24,2.83051,2,2,R,31.51,33.55,0.53,0,3.6,0.52,2.09,0.3,1.84,27.91,1.271855602,0.65005953,1.921915132
2019-05-24,2.83051,3,3,R,31.59,32.73,0.48,0,3.69,1.34,2.97,0.23,4.47,27.91,1.303651992,1.579220706,2.882872698
2019-05-24,2.83051,4,4,R,30.09,33.33,0.08,0,2.19,0.75,1.7,0.47,2.92,27.91,0.773712158,1.031616211,1.805328368
2019-05-24,2.83051,4,4,L,31.41,29.69,0.43,0,3.5,4.39,6.02,0.48,11.59,27.91,1.23652628,4.094668452,5.331194732
2019-05-24,2.83051,3,3,L,31.16,33.24,0.38,0,3.25,0.84,2.21,0.29,2.74,27.91,1.148202974,0.96802343,2.116226404
2019-05-24,2.83051,2,2,L,31.13,33.46,0.2,0,3.22,0.61,2.19,0.34,2.59,27.91,1.137604177,0.915029447,2.052633624
2019-05-24,2.83051,1,1,L,31.2,32.3,0.46,0,3.3,1.78,3.2,0.12,5.71,27.91,1.165867635,2.017304302,3.183171937
2019-05-24,7.96844,1,1,R,36.72,27.3,2.11,0,8.82,6.78,11.03,1.02,14.76,27.91,1.106866589,1.852307353,2.959173941
2019-05-24,7.96844,2,2,R,34.91,27.76,1.47,0,7.01,6.32,9.08,1.1,13.53,27.91,0.879720497,1.697948406,2.577668904
2019-05-24,7.96844,3,3,R,36.47,22.2,1.96,0,8.56,11.87,0,1.26,18.77,27.91,1.074237868,2.355542616,3.429780484
2019-05-24,7.96844,4,4,R,36.06,28.6,2.01,0,8.16,5.48,9.3,0.53,13.19,27.91,1.024039837,1.65528008,2.679319917
2019-05-24,7.96844,4,4,L,36.62,26.14,2.02,0,8.72,7.94,11.8,0.84,15.44,27.91,1.094317081,1.937644006,3.031961086
2019-05-24,7.96844,3,3,L,34.92,27.74,1.59,0,7.01,6.34,9.53,0.97,13.89,27.91,0.879720497,1.743126635,2.622847132
2019-05-24,7.96844,2,2,L,37.42,24.06,1.99,0,9.52,10.01,0,1.93,17.73,27.91,1.194713143,2.225027734,3.419740878
2019-05-24,7.96844,1,1,L,35.87,28.29,1.55,0,7.96,5.78,9.23,0.41,13.11,27.91,0.998940822,1.645240474,2.644181295
2019-05-24,1.46233,1,1,R,29.64,33.39,0.03,0,1.74,0.69,2.57,0.86,5.28,27.91,1.189881901,3.610676113,4.800558014
2019-05-24,1.46233,2,2,R,29.42,33.69,-0.03,0,1.51,0.39,1.47,0.65,1.99,27.91,1.032598661,1.360841944,2.393440605
2019-05-24,1.46233,3,3,R,28.66,32.24,-0.28,0,0.75,1.84,2.51,0.55,7.25,27.91,0.51288013,4.957841253,5.470721383
2019-05-24,1.46233,4,4,R,30.26,33.39,0.32,0,2.35,0.68,2.24,0.64,3.12,27.91,1.607024406,2.133581339,3.740605746
2019-05-24,1.46233,4,4,L,30.25,33.43,0.15,0,2.35,0.64,1.82,0.67,2.33,27.91,1.607024406,1.593347603,3.200372009
2019-05-24,1.46233,3,3,L,28.73,32.37,-0.26,0,0.83,1.71,2.05,0.37,6.23,27.91,0.567587343,4.260324277,4.82791162
2019-05-24,1.46233,2,2,L,29.32,33.23,-0.05,0,1.42,0.84,2.44,0.95,3.9,27.91,0.971053045,2.666976674,3.63802972
2019-05-24,1.46233,1,1,L,29.64,33.96,0.02,0,1.74,0.12,1.56,0.4,1.55,27.91,1.189881901,1.059952268,2.249834169
2019-05-24,0.32868,4,4,L,28.14,32.99,-0.27,0,0.23,1.08,1.69,0.94,5.33,27.91,0.699768772,16.21638067,16.91614945
2019-05-24,0.32868,1,1,R,28.48,32.72,-0.3,0,0.58,1.36,1.94,1,6.04,27.91,1.764634295,18.37653645,20.14117074
2019-05-24,0.32868,3,3,L,28.44,32.27,-0.29,0,0.54,1.8,2.36,1.08,6.63,27.91,1.642935378,20.17159547,21.81453085
2019-05-24,0.32868,2,2,L,28.36,32.51,-0.31,0,0.45,1.56,2.11,0.94,5.93,27.91,1.369112815,18.04186443,19.41097724
2019-05-24,0.32868,1,1,L,28.13,32.14,-0.47,0,0.22,1.94,2.5,0.95,7.92,27.91,0.669344043,24.09638554,24.76572959
2019-05-24,1.4929,1,1,R,28.53,32.77,-0.23,0,0.63,1.31,1.7,0.59,4.56,27.91,0.421997455,3.054457767,3.476455221
2019-05-24,1.4929,2,2,R,29.39,33.19,-0.04,0,1.49,0.88,2.4,1.09,5.13,27.91,0.998057472,3.436264988,4.43432246
2019-05-24,1.4929,3,3,R,28.67,32.57,-0.18,0,0.77,1.5,1.93,0.54,5.36,27.91,0.515774667,3.59032755,4.106102217
2019-05-24,1.4929,4,4,R,29.58,31.72,0,0,1.68,2.35,3.6,0.52,8.86,27.91,1.125326546,5.934757854,7.060084399
2019-05-24,1.4929,4,4,L,29.64,32.55,0.04,0,1.74,1.52,2.68,0.63,5.78,27.91,1.165516779,3.871659187,5.037175966
2019-05-24,1.4929,3,3,L,28.68,31.63,-0.27,0,0.78,2.44,2.64,0.55,7.87,27.91,0.522473039,5.271618997,5.794092036
2019-05-24,1.4929,2,2,L,29.7,31.59,0.05,0,1.8,2.49,3.09,0.79,7.57,27.91,1.205707013,5.070667828,6.276374841
2019-05-24,1.4929,1,1,L,29.25,32.68,-0.11,0,1.34,1.39,2.58,0.52,5.28,27.91,0.897581888,3.536740572,4.43432246
2019-06-27,5.43529,1,1,R,35.27,28.57,1.58,76.5,7.36,5.51,8.66,0.34,7.51,27.91,1.35411358,1.381711003,2.735824583
2019-06-27,5.43529,2,2,R,35.41,29.27,1.61,76.02,7.5,4.81,8.17,0.98,5.28,27.91,1.379871175,0.971429307,2.351300483
2019-06-27,5.43529,3,3,R,35.63,26.33,1.63,75.9,7.73,7.74,11,0.31,7.56,27.91,1.422187225,1.390910145,2.813097369
2019-06-27,5.43529,4,4,R,36.53,26.88,1.97,76.36,8.63,7.2,10.86,0.72,5.19,27.91,1.587771766,0.954870853,2.542642619
2019-06-27,5.43529,4,4,L,35.35,30.01,1.64,74.18,7.45,4.07,7.4,0.65,6.46,27.91,1.370672034,1.188529039,2.559201073
2019-06-27,5.43529,3,3,L,35.66,31.61,1.66,76.28,7.76,2.47,5.91,0.64,9.64,27.91,1.427706709,1.773594417,3.201301127
2019-06-27,5.43529,2,2,L,34.97,29.92,1.46,74.18,7.07,4.15,7.38,0.44,10.06,27.91,1.300758561,1.850867203,3.151625764
2019-06-27,5.43529,1,1,L,35.78,29.25,1.76,75.88,7.88,4.82,8.33,1.13,8.52,27.91,1.449784648,1.567533655,3.017318303
2019-06-27,1.41398,1,1,R,29.8,33.18,0.07,71.2,1.9,0.9,2.19,0.49,8.56,27.91,1.343724805,6.053833859,7.397558664
2019-06-27,1.41398,2,2,R,29.45,33.28,-0.04,72.29,1.55,0.79,2.41,0.66,4.18,27.91,1.096196552,2.956194571,4.052391123
2019-06-27,1.41398,3,3,R,29.37,33.35,-0.03,79.58,1.46,0.73,2.17,0.43,5.99,27.91,1.032546429,4.236269254,5.268815683
2019-06-27,1.41398,4,4,R,29.01,33.13,-0.06,79.49,1.11,0.95,1.76,0.37,5.29,27.91,0.785018176,3.741212747,4.526230923
2019-06-27,1.41398,4,4,L,29.04,32.54,-0.17,74.39,1.14,1.54,1.92,0.4,5.72,27.91,0.806234883,4.045318887,4.85155377
2019-06-27,1.41398,3,3,L,29.48,32.28,-0.02,74.2,1.57,1.8,2.68,0.5,3.36,27.91,1.110341023,2.376271234,3.486612258
2019-06-27,1.41398,2,2,L,29.31,33.52,-0.05,77.96,1.41,0.56,1.61,0.45,8.17,27.91,0.99718525,5.778016662,6.775201912
2019-06-27,1.41398,1,1,L,29.61,33.08,0.01,74.6,1.7,1,2.34,0.47,6.32,27.91,1.202280089,4.469653036,5.671933125
2019-06-28,3.02857,1,1,R,32.52,27.99,0.69,75.89,4.62,6.09,7.92,0.57,7.49,27.91,1.525472418,2.473114374,3.998586792
2019-06-28,3.02857,2,2,R,33.36,27.38,0.9,76.68,5.46,6.7,8.9,0.45,5.22,27.91,1.802831039,1.723585719,3.526416758
2019-06-28,3.02857,3,3,R,30.38,24.15,0.25,75.29,2.48,9.93,8.92,0.69,6.32,27.91,0.818868311,2.086793437,2.905661748
2019-06-28,3.02857,4,4,R,33.82,25.49,1.25,73.23,5.91,8.59,10.58,0.9,7.18,27.91,1.951416015,2.370755835,4.32217185
2019-06-28,3.02857,4,4,L,32.82,29.45,0.83,76.94,4.92,4.62,7.1,0.77,5.54,27.91,1.624529068,1.829246146,3.453775214
2019-06-28,3.02857,3,3,L,30.84,27.09,0.31,76.54,2.93,6.99,7.42,0.71,5.87,27.91,0.967453287,1.938208461,2.905661748
2019-06-28,3.02857,2,2,L,32.8,25.44,0.76,77.47,4.89,8.63,9.92,0.49,4.1,27.91,1.614623403,1.353774223,2.968397627
2019-06-28,3.02857,1,1,L,32.79,28.25,0.89,74.23,4.89,5.83,7.95,0.76,6.97,27.91,1.614623403,2.30141618,3.916039583
2019-06-27,3.89398,1,1,R,33.87,28.09,1.14,76.26,5.97,5.99,8.69,0.51,12.86,27.91,1.533135763,3.302533655,4.835669418
2019-06-27,3.89398,2,2,R,32.82,28.55,0.84,76.2,4.92,5.53,7.69,0.41,11.95,27.91,1.26348877,3.068839593,4.332328363
2019-06-27,3.89398,3,3,R,31.69,27.76,0.48,75.64,3.79,6.32,7.42,0.42,15.22,27.91,0.973297243,3.908597373,4.881894617
2019-06-27,3.89398,4,4,R,34.04,26.94,0.75,76.89,6.14,7.14,9.67,0.41,14.75,27.91,1.576792896,3.787898243,5.364691139
2019-06-27,3.89398,4,4,L,34.93,27.42,1.52,75.5,7.03,6.65,9.82,0.55,10.83,27.91,1.805350824,2.781216134,4.586566957
2019-06-27,3.89398,3,3,L,31.62,29,0.36,78.65,3.72,5.08,6.68,0.44,8.19,27.91,0.955320777,2.10324655,3.058567327
2019-06-27,3.89398,2,2,L,33.64,30.23,1.17,74.78,5.73,3.84,6.7,1.03,10.95,27.91,1.471502165,2.812032933,4.283535098
2019-06-27,3.89398,1,1,L,33.96,27.63,1.14,74.97,6.05,6.45,8.8,0.36,12.18,27.91,1.553680296,3.127905125,4.681585422
2019-06-27,1.00056,1,1,R,28.48,32.71,-0.27,75.77,0.57,1.37,1.7,0.56,13.53,27.91,0.569680979,13.52242744,14.09210842
2019-06-27,1.00056,2,2,R,29.05,33.32,-0.13,73.92,1.15,0.75,1.56,0.61,14.21,27.91,1.14935636,14.20204685,15.35140321
2019-06-27,1.00056,3,3,R,28.23,31.88,-0.34,74.64,0.33,2.2,2.22,0.47,16.97,27.91,0.329815303,16.96050212,17.29031742
2019-06-27,1.00056,4,4,R,29,31.91,-0.11,77.79,1.1,2.17,2.76,0.54,16.11,27.91,1.099384345,16.10098345,17.20036779
2019-06-27,1.00056,4,4,L,28.94,33.99,-0.21,73.41,1.03,0.09,0.56,0.66,12.16,27.91,1.029423523,12.15319421,13.18261773
2019-06-27,1.00056,3,3,L,29.26,33.15,-0.06,76.52,1.36,0.93,1.89,0.51,14.5,27.91,1.359238826,14.49188454,15.85112337
2019-06-27,1.00056,2,2,L,29.03,33.8,-0.11,74.89,1.13,0.28,1.23,0.57,15.85,27.91,1.129367554,15.84112897,16.97049652
2019-06-27,1.00056,1,1,L,28.43,32.34,-0.23,75.49,0.52,1.74,1.93,0.54,13.29,27.91,0.519708963,13.28256177,13.80227073
2019-06-26,1.82062,1,1,R,29.43,31.73,-0.04,75.23,1.53,2.35,2.79,0.43,14.23,27.91,0.84037306,7.816018719,8.656391779
2019-06-26,1.82062,2,2,R,29.57,32.75,0,74.08,1.67,1.33,2.39,0.38,17.41,27.91,0.917269941,9.562676451,10.47994639
2019-06-26,1.82062,3,3,R,29.05,32.24,-0.12,74.57,1.14,1.83,2.32,0.44,14.63,27.91,0.626160319,8.035724094,8.661884413
2019-06-26,1.82062,4,4,R,29.28,32.08,-0.07,73.71,1.37,2,2.75,0.29,16.44,27.91,0.75249091,9.029890916,9.782381826
2019-06-26,1.82062,4,4,L,29.24,32.54,-0.08,75.19,1.34,1.54,2.12,0.4,15.57,27.91,0.736013007,8.552031725,9.288044732
2019-06-26,1.82062,3,3,L,29.03,32.38,-0.1,77.96,1.13,1.69,2.11,0.47,14.93,27.91,0.620667685,8.200503125,8.82117081
2019-06-26,1.82062,2,2,L,29.11,32.97,-0.1,75.62,1.21,1.1,1.72,0.45,16.63,27.91,0.66460876,9.134250969,9.798859729
2019-06-26,1.82062,1,1,L,29.59,31.96,0.01,74.49,1.69,2.11,2.67,0.35,15.71,27.91,0.92825521,8.628928607,9.557183817
2019-06-26,1.3117,1,1,R,29.17,32.04,-0.07,72.41,1.26,2.03,2.81,0.5,6.76,27.91,0.9605855,5.153617443,6.114202943
2019-06-26,1.3117,2,2,R,29.31,32.79,-0.08,75.32,1.41,1.29,2.22,0.49,6.68,27.91,1.074940916,5.092627887,6.167568804
2019-06-26,1.3117,3,3,R,29.37,31.67,-0.05,73.14,1.46,2.41,3.03,0.45,7,27.91,1.113059389,5.33658611,6.449645498
2019-06-26,1.3117,4,4,R,29.54,32.69,-0.01,77.3,1.63,1.39,2.33,0.34,8.29,27.91,1.242662194,6.320042693,7.562704887
2019-06-26,1.3117,4,4,L,29.61,32.31,0.01,73.02,1.71,1.76,2.69,0.39,5.65,27.91,1.30365175,4.30738736,5.61103911
2019-06-26,1.3117,3,3,L,29.47,30.63,-0.02,74.97,1.57,3.45,3.67,0.43,4.1,27.91,1.196920027,3.125714721,4.322634749
2019-06-26,1.3117,2,2,L,28.82,30.55,-0.13,73.45,0.92,3.53,3.43,0.5,9.34,27.91,0.701379889,7.120530609,7.821910498
2019-06-26,1.3117,1,1,L,29.08,31.29,-0.16,70.45,1.18,2.79,3.15,0.5,6.82,27.91,0.899595944,5.19935961,6.098955554
2019-06-26,1.17176,1,1,R,28.68,32.31,-0.15,76.47,0.77,1.77,2.17,0.62,6.75,27.91,0.657131153,5.760565303,6.417696457
2019-06-26,1.17176,2,2,R,28.64,32.55,-0.19,73.77,0.74,1.52,2.06,0.76,6.82,27.91,0.631528641,5.820304499,6.45183314
2019-06-26,1.17176,3,3,R,28.71,32.33,-0.28,73.32,0.81,1.75,2.08,0.59,5.25,27.91,0.691267836,4.48043968,5.171707517
2019-06-26,1.17176,4,4,R,28.42,31.84,-0.33,74.45,0.51,2.24,2.24,0.54,6.21,27.91,0.435242712,5.299720079,5.734962791
2019-06-26,1.17176,4,4,L,28.45,32.53,-0.17,69.26,0.54,1.54,2.14,0.6,7.64,27.91,0.460845224,6.520106506,6.980951731
2019-06-26,1.17176,3,3,L,28.63,32.82,-0.27,75.53,0.73,1.26,1.76,0.59,4.41,27.91,0.62299447,3.763569332,4.386563801
2019-06-26,1.17176,2,2,L,28.51,32.73,-0.19,79.42,0.61,1.35,1.89,0.61,7.05,27.91,0.52058442,6.016590428,6.537174848
2019-06-26,1.17176,1,1,L,28.69,32.74,-0.16,79.72,0.78,1.34,2.18,0.6,5.76,27.91,0.665665324,4.915682392,5.581347716
2019-06-28,1.17176,2,2,R,28.3,33.15,-0.32,73.15,0.4,0.93,1.62,0.93,11.14,27.91,0.820243612,22.8437846,23.66402822
2019-06-28,1.17176,4,4,R,28.38,32.32,-0.37,75.59,0.47,1.76,2.06,0.85,6.92,27.91,0.963786245,14.19021449,15.15400074
2019-06-28,1.17176,4,4,L,28.36,32.73,-0.31,73.68,0.46,1.35,1.93,0.88,14.49,27.91,0.943280154,29.71332486,30.65660501
2019-06-28,1.17176,2,2,L,28.25,31.97,-0.3,75.22,0.34,2.11,2.43,0.79,7.34,27.91,0.69720707,15.05147029,15.74867736
